0,5,1,0,0,8,3,0.4,4,2,3,1,10,1,0,8,2,9.4,17,2723.1,0.1,41,0.1,151.3,160.2,0.3,2,4,9,0.3,10,10,7,8,7,0,5,N
1,3,2,0,0,4,2,0.4,2,2,2,1,8,1,0,5,0,13.7,5.7,446.5,0,20,0.2,24.8,78.1,0.5,1,2,8,0.3,177,215,55,25,138,49.6,61,N
18,19,5,1,58,34,10,0.2,16,2.1,2,0.2,41,5,0.4,60,1,61.6,40.2,99691.1,0.8,392,0,5538.4,2478.2,0.5,9,17,33,0.1,33,35,17,7,22,47.4,10,N
2,3,0,0,9,4,2,0.2,2,2,1,0.5,6,1,0,10,0,45.9,6.8,2118.3,0.1,68,0.2,117.7,311.8,0.5,1,2,6,0.1,458,544,107,28,218,25.9,120,Y
36,13,8,0,42,18,7,0.1,8,2.3,4,0.6,38,3,0.3,120,1,118.3,59.9,424928,2.4,1002,0,23607.1,7091,0.4,5,9,33,0,194,270,91,31,221,25.2,108,N
43,39,20,1,35,56,22,0.2,24,2.3,17,0.8,98,5,0.2,107,0,97.3,33,106264.8,1.1,464,0,5903.6,3215.9,0.2,16,28,78,0.1,41,47,28,13,35,8.3,22,N
10,3,5,0,2,4,2,0.1,2,2,2,1,10,1,0,22,1,49.5,9.5,4487.3,0.2,88,0.1,249.3,471.5,0.5,1,2,10,0.1,327,376,76,30,174,27.2,83,N
34,23,6,0,31,34,13,0.2,16,2.1,7,0.5,60,1,0,83,2,73.3,64.5,305254.2,1.6,703,0,16958.6,4729.7,0.1,9,17,49,0.1,92,122,40,24,79,11.5,54,N
17,15,5,0,7,8,11,0.2,4,2,7,0.6,32,1,0,54,1,46.5,27.6,35438.4,0.4,214,0,1968.8,1284,0.1,2,4,23,0.1,379,462,101,33,288,26.4,153,Y
55,40,5,0,55,44,25,0.2,20,2.2,13,0.5,91,6,0.2,153,1,96,61.9,367939.9,2,841,0,20441.1,5942.6,0.2,12,22,68,0.1,242,297,85,28,178,26.9,106,Y
32,57,3,0,39,86,29,0.3,30,2.9,5,0.2,89,20,0.7,106,2,92.2,39.9,146524.1,1.2,539,0,8140.2,3676.1,0.7,28,53,62,0.2,121,136,37,21,53,23.3,33,N
9,11,3,0,10,20,6,0.2,10,2,3,0.5,24,3,0.4,33,1,43.8,34.3,51695.7,0.5,257,0,2872,1505.5,0.5,5,10,20,0.1,119,176,72,37,118,17,84,N
17,24,4,1,16,28,14,0.2,12,2.3,8,0.6,47,9,0.6,83,2,65.3,30.6,61049.3,0.7,295,0,3391.6,1996.6,0.6,8,14,35,0.1,1144,1641,538,99,868,6.5,602,Y
225,236,15,2,40,384,136,0.2,188,2,123,0.9,581,123,0.9,600,2,246.5,105.3,2730637.2,8.7,2785,0,151702.1,25942.7,0.9,98,192,447,0.2,241,266,106,21,76,3.6,54,N
19,9,1,0,2,16,5,0.1,8,2,1,0.2,22,1,0,54,0,148.4,23.9,84587.1,1.2,507,0,4699.3,3543.3,0.2,4,8,19,0.1,419,457,140,31,132,19.2,84,Y
27,17,3,0,20,28,9,0.1,14,2,3,0.3,47,1,0,84,1,140.1,46.4,301439.4,2.2,876,0,16746.6,6498,0.1,7,14,40,0.1,260,359,86,35,179,25.9,107,Y
39,40,7,4,32,40,25,0.2,16,2.5,14,0.6,81,7,0.3,103,1,81,52.9,226588.8,1.4,619,0,12588.3,4282.8,0.3,12,22,58,0.1,180,229,66,28,152,22.5,93,Y
31,24,12,0,27,20,17,0.2,10,2,12,0.7,56,4,0.2,93,1,70.2,38.2,102358.8,0.9,409,0,5686.6,2680.8,0.2,5,10,41,0.1,292,365,90,32,258,26.2,141,Y
56,36,19,0,50,40,24,0.2,20,2,18,0.8,93,9,0.4,141,1,87.7,51.9,236377,1.5,657,0,13132.1,4553.5,0.4,10,20,71,0.1,62,84,30,18,42,19.4,29,Y
5,9,2,0,7,16,5,0.2,8,2,5,1,19,5,1,29,1,43.8,18.6,15166.5,0.3,146,0.1,842.6,815.4,1,4,8,16,0.1,71,93,31,18,46,23.7,29,Y
7,9,2,0,9,16,5,0.2,8,2,5,1,19,5,1,29,1,44.7,20.6,18980.6,0.3,164,0.1,1054.5,920.8,1,4,8,16,0.1,46,52,19,12,25,35,13,N
4,3,1,0,7,4,2,0.2,2,2,1,0.5,6,1,0,13,1,33.4,14.5,7052.7,0.2,98,0.1,391.8,485.5,0.5,1,2,6,0.1,61,68,23,12,24,22.2,14,N
5,3,2,0,4,4,2,0.1,2,2,1,0.5,7,1,0,14,1,41.6,15.9,10529.3,0.2,129,0.1,585,661.7,0.5,1,2,7,0.1,155,175,47,20,69,31,40,N
10,12,2,0,18,16,7,0.2,8,2,3,0.4,25,1,0,40,1,60.7,33,66017.1,0.7,330,0,3667.6,2001.8,0.1,4,8,20,0.1,13,22,11,8,26,22.2,14,N
7,3,4,0,4,4,2,0.1,2,2,2,1,10,1,0,14,0,31.5,4.7,702.8,0.1,35,0.2,39.1,148.7,0.5,1,2,10,0.1,44,67,14,18,33,19.2,22,N
6,9,0,1,4,14,5,0.2,6,2.3,1,0.2,16,3,0.5,21,2,19.6,28.3,15698.6,0.2,111,0,872.1,555,0.6,4,7,13,0.2,304,367,136,20,263,23.2,167,Y
39,51,6,1,49,100,26,0.2,50,2,23,0.9,122,1,0,166,0,218.7,22.4,109272.5,1.6,671,0,6070.7,4888.5,0,25,50,98,0.1,302,361,77,23,171,27.1,110,Y
37,49,5,13,23,76,25,0.2,28,2.7,9,0.4,103,21,0.8,97,0,97.7,45.1,198677.1,1.5,663,0,11037.6,4404.9,0.8,24,38,80,0.2,39,55,20,22,52,12.9,27,Y
20,12,3,0,4,14,7,0.3,6,2.3,4,0.6,22,1,0,27,5,23.6,21.5,10872.5,0.2,94,0.1,604,506.9,0.1,4,7,17,0.1,80,95,38,18,47,39.5,25,N
8,11,2,2,13,18,6,0.2,8,2.3,2,0.3,22,4,0.6,23,2,53.6,19,19256,0.3,175,0.1,1069.8,1016.3,0.7,5,9,18,0.1,59,75,15,20,46,50,20,N
5,11,0,0,20,12,7,0.4,6,2,1,0.1,24,1,0,20,3,17.5,39.3,27034.7,0.2,134,0,1501.9,687.3,0.1,3,6,19,0.2,68,88,29,21,64,14.3,42,N
14,9,7,0,7,4,7,0.2,2,2,7,1,23,1,0,42,0,35.8,24.6,21677.1,0.3,156,0,1204.3,880.4,0.1,1,2,18,0.1,60,75,40,16,47,2.5,39,N
6,11,2,0,1,20,6,0.2,10,2,3,0.5,26,1,0,39,3,65.3,12,9407.9,0.3,135,0.1,522.7,784,0.2,5,10,22,0.1,17,23,12,9,12,30,7,N
1,3,2,0,3,4,2,0.3,2,2,2,1,7,1,0,7,0,27.6,6.4,1120,0.1,40,0.2,62.2,175.7,0.5,1,2,7,0.2,37,65,11,19,31,19.2,22,N
4,27,0,1,4,46,14,0.6,20,2.3,1,0.1,46,9,0.6,21,2,15.7,32,15993.3,0.2,102,0,888.5,500.5,0.6,13,23,34,0.5,95,137,30,25,40,0,36,N
3,37,3,0,0,60,19,0.5,24,2.5,6,0.3,68,11,0.6,36,3,33.9,39.6,53092.2,0.5,232,0,2949.6,1341.3,0.6,18,30,51,0.5,51,59,24,12,19,0,17,N
1,13,1,0,0,22,7,0.4,10,2.2,6,0.9,24,6,0.8,17,3,44.6,12.8,7250.8,0.2,110,0.1,402.8,568.7,0.9,6,11,19,0.4,75,86,27,25,35,3.3,29,N
4,21,2,0,1,34,11,0.4,14,2.4,3,0.3,39,5,0.4,29,3,26.4,34.7,31867,0.3,161,0,1770.4,917.8,0.5,10,17,30,0.3,40,59,15,20,21,0,19,N
1,17,0,0,0,26,9,0.5,10,2.6,1,0.1,29,9,1,19,3,19,26.7,13541.3,0.2,99,0,752.3,507.8,1,8,13,22,0.4,33,50,12,19,27,9.1,21,N
4,15,1,1,1,26,8,0.4,12,2.2,2,0.3,32,4,0.4,20,1,15.7,26.1,10742.6,0.1,83,0,596.8,411.2,0.5,7,13,26,0.3,33,50,12,19,27,9.1,21,N
4,15,1,1,1,26,8,0.4,12,2.2,2,0.3,32,4,0.4,20,1,15.7,26.1,10742.6,0.1,83,0,596.8,411.2,0.5,7,13,26,0.3,18,30,5,13,12,0,10,N
1,7,0,0,0,12,4,0.4,6,2,1,0.3,16,1,0,10,3,8.6,23.4,4683.7,0.1,48,0,260.2,200.2,0.3,3,6,14,0.3,29,33,14,11,18,0,15,N
2,3,2,0,0,4,2,0.1,2,2,2,1,8,1,0,15,0,25.3,11.4,3280.2,0.1,62,0.1,182.2,287.9,0.5,1,2,8,0.1,14,17,7,6,14,8.3,12,N
1,3,0,1,0,4,2,0.2,2,2,1,0.5,6,1,0,11,1,19.1,6,688.3,0,31,0.2,38.2,114.7,0.5,1,2,6,0.1,16,18,10,8,13,0,11,N
1,3,1,0,0,4,2,0.2,2,2,2,1,8,1,0,11,1,22.2,6.4,907.4,0.1,34,0.2,50.4,141.8,0.5,1,2,8,0.2,26,28,16,8,12,0,10,N
1,3,1,0,0,4,2,0.2,2,2,2,1,7,1,0,10,1,38.1,6.5,1609.3,0.1,54,0.2,89.4,247.6,0.5,1,2,7,0.2,30,40,12,13,23,0,21,N
1,13,2,0,0,24,7,0.3,12,2,3,0.4,28,6,0.8,21,0,20,16.3,5282.4,0.1,70,0.1,293.5,325.1,0.9,6,12,23,0.3,42,46,11,7,28,15,20,N
7,5,1,3,0,8,3,0.2,4,2,1,0.3,11,1,0,17,2,27.5,13.4,4903.8,0.1,88,0.1,272.4,367,0.3,2,4,10,0.1,8,12,4,9,9,0,7,N
1,3,0,0,0,4,2,0.3,2,2,1,0.5,6,1,0,7,2,8.2,9,666.1,0,20,0.1,37,74,0.5,1,2,6,0.2,12,17,6,10,11,0,8,N
2,3,2,0,0,4,2,0.3,2,2,2,1,7,1,0,8,2,11.6,10,1160,0,29,0.1,64.4,116,0.5,1,2,7,0.2,19,24,12,9,15,0,13,N
1,3,1,0,0,4,2,0.2,2,2,1,0.5,7,1,0,13,2,26.5,7.1,1345.7,0.1,43,0.1,74.8,188.9,0.5,1,2,7,0.1,25,38,18,14,27,0,17,N
9,5,2,0,0,8,3,0.2,4,2,3,1,10,1,0,17,0,32.4,9.7,3062.5,0.1,63,0.1,170.1,315,0.3,2,4,9,0.1,68,108,38,19,59,12.8,34,N
19,11,7,0,5,18,6,0.2,8,2.3,6,1,26,6,1,34,0,60.4,17,17452,0.3,176,0.1,969.6,1026.6,1,5,9,22,0.1,31,43,21,11,38,0,22,N
15,5,4,0,0,8,3,0.1,4,2,3,1,14,1,0,22,0,45.6,8.1,3004.1,0.1,74,0.1,166.9,370,0.3,2,4,13,0.1,36,50,22,17,34,0,20,N
13,7,2,0,0,12,4,0.2,6,2,4,1,14,1,0,20,1,32.7,13.9,6322.3,0.2,86,0.1,351.2,454.5,0.3,3,6,12,0.1,81,132,49,31,95,0,70,N
24,22,18,0,0,4,20,0.3,2,2,19,1,45,1,0,70,1,52.6,25.6,34502.4,0.5,213,0,1916.8,1346.6,0.1,1,2,27,0.2,18,20,10,8,14,10,9,N
3,3,2,0,1,4,2,0.2,2,2,2,1,7,1,0,9,0,22,7.2,1140.9,0.1,38,0.1,63.4,158.5,0.5,1,2,7,0.1,94,108,43,15,75,25.4,44,N
15,11,8,0,15,18,6,0.1,8,2.3,3,0.5,25,1,0,44,0,72.2,16.4,19400.8,0.4,202,0.1,1077.8,1183.3,0.2,5,9,21,0.1,151,192,56,21,68,22.6,41,N
14,3,2,0,12,4,2,0.1,2,2,2,1,14,1,0,41,0,75.9,28.3,60857.9,0.7,343,0,3381,2149.5,0.5,1,2,14,0,240,315,80,30,112,10.5,77,N
25,27,7,0,9,48,14,0.2,22,2.2,10,0.7,57,6,0.4,77,1,83.6,45,169364.5,1.3,555,0,9409.1,3763.7,0.4,13,25,45,0.1,40,65,25,21,37,7.4,27,N
9,12,6,2,0,8,8,0.3,2,4,6,0.8,20,4,0.4,25,0,34.5,16.8,9743.6,0.2,105,0.1,541.3,580,0.5,3,4,14,0.2,105,145,52,24,61,11.9,37,N
18,15,8,0,5,28,8,0.2,14,2,7,0.9,35,3,0.3,37,1,64.5,24.2,37848,0.5,250,0,2102.7,1562,0.4,7,14,29,0.1,40,56,22,11,52,13.2,33,N
13,17,5,0,5,32,9,0.3,16,2,6,0.7,33,1,0,33,1,48.4,10,4842.6,0.2,96,0.1,269,484.3,0.1,8,16,26,0.2,123,167,56,24,68,14.6,41,N
19,17,8,0,7,32,9,0.2,16,2,8,0.9,40,3,0.3,41,1,69.6,26.4,48322.1,0.6,290,0,2684.6,1833.4,0.3,8,16,33,0.1,14,21,12,12,19,0,11,N
7,3,1,0,0,4,2,0.2,2,2,2,1,6,1,0,11,1,22.9,7,1123.3,0.1,35,0.1,62.4,160.5,0.5,1,2,6,0.1,14,21,12,12,19,0,11,N
7,3,1,0,0,4,2,0.2,2,2,2,1,6,1,0,11,1,22.9,7,1123.3,0.1,35,0.1,62.4,160.5,0.5,1,2,6,0.1,57,79,26,14,47,6.5,29,N
15,17,2,0,2,24,9,0.3,8,3,5,0.6,24,9,1,29,1,47.2,15.4,11107.3,0.2,136,0.1,617.1,723.8,1,8,12,17,0.2,44,53,21,18,31,14.3,18,N
9,9,2,0,3,12,5,0.3,4,3,3,0.6,16,3,0.5,18,0,27.2,18.9,9667.8,0.2,97,0.1,537.1,512.7,0.6,4,6,13,0.2,17,24,14,10,21,0,12,N
8,3,2,0,0,4,2,0.2,2,2,2,1,7,1,0,12,0,31,6.1,1141.3,0.1,41,0.2,63.4,188,0.5,1,2,7,0.1,18,29,14,10,22,0,14,N
7,5,2,0,0,8,3,0.2,4,2,3,1,9,1,0,14,0,33.5,6.4,1385.3,0.1,47,0.2,77,215.5,0.3,2,4,8,0.1,30,43,19,16,28,0,17,N
10,5,2,0,0,8,3,0.2,4,2,3,1,10,1,0,17,1,29.6,12.6,4729.7,0.1,73,0.1,262.8,374.4,0.3,2,4,9,0.1,30,43,18,16,28,0,17,N
10,5,2,0,0,8,3,0.2,4,2,3,1,10,1,0,17,1,27.9,13.3,4951.8,0.1,73,0.1,275.1,371.4,0.3,2,4,9,0.1,30,43,19,16,28,0,17,N
10,5,2,0,0,8,3,0.2,4,2,3,1,10,1,0,17,1,29.6,12.6,4729.7,0.1,73,0.1,262.8,374.4,0.3,2,4,9,0.1,41,59,25,17,35,0,22,N
12,9,2,0,0,14,5,0.2,6,2.3,4,0.8,15,5,1,22,1,38.7,13.9,7516.9,0.2,100,0.1,417.6,539.2,1,4,7,12,0.1,41,59,24,17,36,0,22,N
13,9,2,0,0,14,5,0.2,6,2.3,4,0.8,15,5,1,22,1,36.9,14.5,7779.6,0.2,100,0.1,432.2,535.8,1,4,7,12,0.1,32,46,17,14,28,0,18,N
9,11,1,0,0,14,6,0.3,4,3.5,3,0.5,15,6,1,18,1,29.3,13.2,5091.8,0.1,78,0.1,282.9,386.4,1,5,7,11,0.2,76,109,30,13,35,33.3,16,N
10,3,2,0,8,4,2,0.1,2,2,2,1,15,1,0,16,1,61,16.5,16530.2,0.3,185,0.1,918.4,1003.9,0.5,1,2,15,0.1,32,46,20,13,34,13,20,N
10,7,1,0,3,12,4,0.2,6,2,3,0.8,17,1,0,20,1,37.8,10.4,4092,0.1,78,0.1,227.3,393.5,0.3,3,6,15,0.1,62,92,35,18,69,22.2,36,N
23,13,12,1,9,22,7,0.2,10,2.2,7,1,37,5,0.7,35,0,55.3,15.9,14063.2,0.3,154,0.1,781.3,882.1,0.7,6,11,32,0.1,158,201,51,16,88,0,61,N
26,21,3,0,0,40,11,0.2,20,2,11,1,57,8,0.7,61,0,87.9,24.8,53973.4,0.7,359,0,2998.5,2177.7,0.7,10,20,48,0.1,110,137,44,25,61,7,40,N
17,17,4,0,3,32,9,0.2,16,2,5,0.6,40,1,0,40,0,48.3,31.3,47150.2,0.5,247,0,2619.5,1508.8,0.1,8,16,33,0.2,44,57,28,15,36,0,23,Y
12,7,1,0,0,12,4,0.2,6,2,4,1,12,1,0,23,1,46.5,11.8,6459.2,0.2,101,0.1,358.8,548.1,0.3,3,6,10,0.1,26,34,18,14,26,11.8,15,N
8,5,2,0,2,8,3,0.2,4,2,3,1,12,1,0,15,3,29.7,10.1,3033.3,0.1,60,0.1,168.5,300,0.3,2,4,11,0.1,44,58,18,20,35,0,28,N
6,9,2,0,0,14,5,0.2,6,2.3,4,0.8,25,3,0.5,28,2,21.9,24.4,13084.8,0.2,102,0,726.9,535.3,0.6,4,7,22,0.1,262,296,62,19,126,29.1,83,N
24,29,3,0,34,52,15,0.2,24,2.2,6,0.4,63,5,0.3,83,0,88.1,40.2,142019,1.2,558,0,7889.9,3537.6,0.3,14,26,50,0.1,338,378,73,19,156,27.9,103,N
31,37,3,2,37,66,19,0.2,30,2.2,7,0.4,79,6,0.3,101,0,106.2,44,205454.3,1.6,716,0,11414.1,4670.9,0.3,18,33,62,0.1,13,16,6,9,9,0,7,N
1,5,1,0,0,8,3,0.4,4,2,1,0.3,10,1,0,7,1,11.6,9.8,1104.7,0,29,0.1,61.4,113.3,0.3,2,4,9,0.3,26,33,23,19,80,11.1,18,N
3,5,1,2,0,4,3,0.2,2,2,2,0.7,11,3,1,16,1,29.6,10.7,3416.6,0.1,59,0.1,189.8,318.2,1,1,2,10,0,95,122,36,29,55,40.4,35,N
7,31,5,7,12,56,16,0.5,26,2.2,6,0.4,69,11,0.7,28,0,34.2,38.3,50005.3,0.4,217,0,2778.1,1306.9,0.7,15,28,55,0.3,15,24,7,13,11,0,8,N
2,5,1,0,0,8,3,0.4,4,2,2,0.7,9,1,0,8,1,12.1,13.9,2347.7,0.1,39,0.1,130.4,168.6,0.3,2,4,8,0.3,102,144,31,28,50,35.4,48,N
1,19,0,17,0,34,10,0.2,16,2.1,1,0.1,40,8,0.8,31,3,31.4,46.1,66661.4,0.5,246,0,3703.4,1447.1,0.8,9,17,32,0.2,15,21,9,14,13,9.1,11,N
1,5,0,1,0,8,3,0.3,4,2,1,0.3,10,1,0,10,2,14,11.7,1899.9,0.1,36,0.1,105.6,162.9,0.3,2,4,9,0.2,62,79,23,20,31,0,29,N
1,15,3,0,0,28,8,0.3,14,2,6,0.8,32,6,0.7,29,2,28.4,27,20624.5,0.3,141,0,1145.8,765.1,0.8,7,14,26,0.3,38,53,12,19,16,0,13,N
2,13,3,0,0,20,7,0.5,8,2.5,7,1,31,4,0.5,13,2,15,30.1,13562.5,0.2,91,0,753.5,450.8,0.6,6,10,26,0.4,192,278,72,40,102,2.3,89,N
12,55,12,2,0,68,34,0.4,34,2,15,0.4,123,17,0.5,87,2,60,53.3,170637.7,1.1,470,0,9479.9,3199.5,0.5,17,34,91,0.3,123,184,28,32,55,10.7,50,N
4,37,4,0,6,54,20,0.4,22,2.5,7,0.4,74,12,0.6,50,2,25.8,70.3,127457.2,0.6,307,0,7081,1813.4,0.6,16,31,56,0.4,54,59,22,18,26,0,20,N
5,19,2,0,0,36,10,0.5,18,2,6,0.6,39,1,0,20,2,27.2,22.1,13285,0.2,113,0.1,738.1,601.4,0.1,9,18,31,0.4,243,305,108,19,98,2.2,91,N
5,67,16,1,1,130,34,0.4,64,2,30,0.9,153,17,0.5,90,2,179.2,21.4,81862,1.3,548,0.1,4547.9,3829.8,0.5,33,65,121,0.4,196,270,70,32,99,1.1,88,N
9,59,13,0,1,82,34,0.4,40,2.1,22,0.7,137,15,0.4,88,2,69.4,44.8,139298.9,1,466,0,7738.8,3109.4,0.4,21,41,105,0.3,148,171,55,31,49,0,45,N
3,19,12,0,0,34,10,0.2,16,2.1,8,0.8,66,3,0.2,45,2,49.2,41.7,85502.7,0.7,319,0,4750.2,2050,0.3,9,17,58,0.2,161,216,54,26,78,2.8,71,N
6,45,11,2,0,86,23,0.3,42,2.1,19,0.8,112,19,0.8,69,2,61.5,38.8,92377.5,0.8,377,0,5132.1,2383.4,0.8,22,43,91,0.3,328,423,101,25,156,2.1,144,N
10,49,12,2,1,96,25,0.2,48,2,22,0.9,139,19,0.8,142,2,129.1,40.6,212710.3,1.8,751,0,11817.2,5239.9,0.8,24,48,116,0.2,200,229,75,24,75,17.4,63,Y
5,33,2,6,6,58,17,0.3,26,2.2,7,0.4,69,9,0.5,57,1,88.9,32,91007.8,1,429,0,5056,2844,0.5,16,29,54,0.2,15,20,6,13,14,0,10,N
3,5,0,0,0,8,3,0.3,4,2,1,0.3,10,1,0,10,3,9.2,16.3,2416,0.1,35,0.1,134.2,148.7,0.3,2,4,9,0.2,109,133,31,22,73,31,42,N
14,11,1,2,16,20,6,0.1,10,2,3,0.5,28,1,0,40,0,35.8,38.7,53613,0.5,242,0,2978.5,1386.2,0.2,5,10,24,0.1,166,202,59,26,163,34.2,64,Y
80,23,2,10,18,36,12,0.2,14,2.6,7,0.6,44,8,0.6,54,0,64.5,36.6,86270.8,0.8,368,0,4792.8,2358.7,0.7,11,18,34,0.1,55,70,18,21,65,44,31,N
14,13,3,3,19,24,7,0.2,12,2,4,0.6,29,5,0.7,28,0,20.6,32.1,21196.7,0.2,125,0,1177.6,660.7,0.7,6,12,24,0.1,55,70,19,21,72,48.1,31,N
19,13,3,4,21,24,7,0.2,12,2,4,0.6,29,5,0.7,27,0,21.9,30.4,20219.8,0.2,125,0,1123.3,665.2,0.7,6,12,24,0.1,201,239,84,19,186,35.3,118,N
29,41,2,17,38,64,21,0.2,24,2.7,10,0.5,68,14,0.7,101,4,129.4,22.7,66879.3,1,440,0,3715.5,2942.1,0.7,20,32,49,0.1,55,70,20,21,70,48,31,N
19,13,3,5,19,24,7,0.2,12,2,4,0.6,29,5,0.7,26,0,23.2,28.9,19337.4,0.2,125,0,1074.3,669.7,0.7,6,12,24,0.1,17,20,5,13,16,0,10,N
5,7,0,0,0,10,4,0.4,4,2.5,1,0.3,11,1,0,10,2,7,22.1,3409.8,0.1,37,0.1,189.4,154.3,0.3,3,5,9,0.3,77,99,34,22,77,15.1,46,N
23,11,5,1,7,8,8,0.2,4,2,5,0.6,24,1,0,45,1,41,24.9,25462.2,0.3,176,0,1414.6,1022.1,0.1,2,4,18,0.1,95,118,41,25,95,12.5,60,N
30,25,2,4,4,40,13,0.2,16,2.5,2,0.2,43,12,0.9,56,1,44.5,29,37289.1,0.4,213,0,2071.6,1287.5,0.9,12,20,32,0.1,166,209,52,27,121,32.6,63,N
31,39,1,3,26,62,20,0.3,24,2.6,2,0.1,67,13,0.6,60,0,54.9,43.1,101875.8,0.8,375,0,5659.8,2363.9,0.7,19,35,49,0.2,206,260,60,26,140,25.5,76,N
41,31,2,3,22,54,16,0.2,24,2.3,4,0.3,65,3,0.1,73,0,67.1,44.6,133660.7,1,466,0,7425.6,2994.6,0.2,15,27,51,0.1,146,185,60,25,234,34.2,76,N
122,41,1,3,35,70,21,0.3,30,2.3,2,0.1,76,3,0.1,73,0,69.8,30.4,64529.2,0.7,331,0,3585,2121.5,0.1,20,35,57,0.1,12,16,8,6,20,61.5,8,N
6,7,3,3,5,12,4,0.5,6,2,4,1,13,1,0,5,0,23.7,4.5,479.7,0,28,0.2,26.7,106.6,0.3,3,6,11,0.2,271,333,103,34,264,11.7,155,N
101,46,1,12,7,66,26,0.2,28,2.4,11,0.4,89,17,0.6,143,2,95.9,44.7,191759.1,1.4,604,0,10653.3,4287.2,0.7,19,33,65,0.1,138,158,70,17,128,35.4,53,N
48,5,7,2,26,6,3,0.1,2,3,2,0.7,14,3,1,51,0,113.8,16.8,31957.7,0.6,296,0.1,1775.4,1907.1,1,2,3,13,0,69,99,42,26,91,28.3,49,N
30,18,9,6,11,22,10,0.2,8,2.8,7,0.7,38,7,0.7,43,0,47.9,21.4,21841.8,0.3,168,0.1,1213.4,1022.7,0.7,7,11,30,0.1,18,22,9,11,24,60,7,N
8,5,0,1,8,8,3,0.4,2,4,1,0.3,7,1,0,6,0,15.7,11,1901.7,0.1,40,0.1,105.7,172.9,0.3,3,4,6,0.1,12,17,8,10,23,61.5,6,N
9,3,0,1,7,6,2,0.3,2,3,1,0.5,5,1,0,5,0,16.1,7.5,907,0,29,0.1,50.4,120.9,0.5,2,3,5,0.1,35,44,13,13,61,40.9,15,N
28,13,0,2,7,14,7,0.5,2,7,1,0.1,15,7,1,13,0,21.2,17.5,6498.4,0.1,79,0.1,361,371.3,1,6,7,10,0.1,69,131,34,23,47,34.2,34,N
8,14,2,9,4,16,9,0.3,8,2,9,1,24,1,0,25,0,50,23.3,27225.9,0.4,200,0,1512.6,1166.6,0.1,4,8,17,0.2,194,240,102,28,103,32.1,70,Y
18,21,6,13,14,38,11,0.2,18,2.1,6,0.6,40,1,0,57,0,114.5,26.6,81152.7,1,434,0,4508.5,3047.7,0.1,10,19,31,0.1,15,27,10,13,21,28.6,11,N
6,9,2,1,3,12,5,0.5,4,3,3,0.6,14,5,1,10,0,19.5,9.8,1852.4,0.1,42,0.1,102.9,190,1,4,6,11,0.2,942,1397,397,64,626,20.7,505,Y
49,178,14,48,71,254,106,0.2,112,2.3,82,0.8,361,41,0.4,457,0,272.6,75.9,1571506.9,6.9,2339,0,87305.9,20696.9,0.4,71,127,257,0.2,61,82,26,13,46,37.1,25,N
10,7,0,3,10,12,4,0.2,6,2,1,0.3,15,1,0,22,0,49.6,15.3,11526.1,0.3,143,0.1,640.3,755.8,0.3,3,6,13,0.1,61,85,27,18,66,40.4,32,N
18,9,0,4,15,16,5,0.2,8,2,1,0.2,18,1,0,28,0,39.4,20.3,16303.5,0.3,146,0.1,905.8,801.8,0.2,4,8,15,0.1,175,218,54,33,119,26.8,77,N
21,20,6,6,20,28,12,0.2,14,2,7,0.6,50,1,0,71,0,47.4,53.5,135395.8,0.8,393,0,7522,2532.1,0.1,7,14,40,0.1,56,60,21,12,38,36.7,24,Y
7,7,0,5,6,12,4,0.2,6,2,1,0.3,13,1,0,19,0,36.6,16,9362.4,0.2,116,0.1,520.1,585.2,0.3,3,6,11,0.1,6,12,5,5,21,42.9,9,N
6,3,4,1,5,4,2,0.2,2,2,2,1,8,1,0,8,0,19.9,3,179.4,0,18,0.3,10,59.8,0.5,1,2,8,0.1,8,16,7,5,25,44.4,11,N
6,3,6,1,7,4,2,0.2,2,2,2,1,10,1,0,10,0,30.1,2.9,245.8,0,24,0.4,13.7,86,0.5,1,2,10,0.1,20,21,9,8,18,30.8,10,N
4,3,0,1,3,4,2,0.2,2,2,1,0.5,6,1,0,9,0,18.9,8.9,1489.7,0.1,41,0.1,82.8,167.6,0.5,1,2,6,0.1,31,41,17,15,33,44.4,18,N
5,9,0,3,9,14,5,0.3,6,2.3,1,0.2,16,5,1,15,0,26.3,13.7,4923.5,0.1,72,0.1,273.5,360,1,4,7,13,0.2,46,54,19,10,23,22.2,15,N
4,3,0,1,3,4,2,0.1,2,2,1,0.5,5,1,0,14,0,40.1,12.1,5880.7,0.2,100,0.1,326.7,485.8,0.5,1,2,5,0.1,32,43,18,10,27,34.8,18,N
3,11,3,3,5,20,6,0.3,10,2,4,0.7,20,1,0,15,0,40.6,8.9,3204.9,0.1,75,0.1,178.1,360.6,0.2,5,10,16,0.2,62,72,35,12,41,31.6,28,N
2,11,1,2,10,16,6,0.2,6,2.7,3,0.5,18,6,1,26,0,70,10.6,7911,0.3,134,0.1,439.5,744.3,1,5,8,14,0.2,24,28,14,9,21,26.7,12,N
5,3,0,1,3,4,2,0.2,2,2,1,0.5,6,1,0,11,0,30.5,7.7,1814.6,0.1,52,0.1,100.8,235.2,0.5,1,2,6,0.1,62,74,35,13,42,38.5,29,N
2,9,2,5,10,16,5,0.2,8,2,5,1,20,1,0,24,0,66,11.5,8745.7,0.3,136,0.1,485.9,759.6,0.2,4,8,17,0.1,13,22,8,13,14,9.1,11,N
2,3,0,1,0,4,2,0.2,2,2,1,0.5,6,1,0,10,2,14.6,10.6,1623.8,0.1,35,0.1,90.2,153.7,0.5,1,2,6,0.1,24,32,12,12,20,26.7,12,N
4,5,1,1,3,8,3,0.3,4,2,1,0.3,11,1,0,11,0,21.4,12,3081.1,0.1,56,0.1,171.2,256.8,0.3,2,4,10,0.2,34,45,18,13,32,34.8,17,Y
8,7,1,2,6,12,4,0.2,6,2,1,0.3,16,1,0,15,0,31.9,12.3,4805.3,0.1,79,0.1,267,391.4,0.3,3,6,14,0.1,68,79,31,17,54,38.6,32,N
9,11,3,5,12,20,6,0.2,10,2,4,0.7,23,1,0,27,0,44,18.7,15307.5,0.3,147,0.1,850.4,821,0.2,5,10,19,0.1,14,22,9,15,14,9.1,11,N
2,3,0,1,0,4,2,0.2,2,2,1,0.5,6,1,0,10,3,14.2,11.7,1925.7,0.1,36,0.1,107,165.1,0.5,1,2,6,0.1,46,57,22,20,43,36.4,22,N
9,7,1,1,11,12,4,0.2,6,2,2,0.5,16,1,0,21,1,26.6,20.9,11613.1,0.2,103,0.1,645.2,555.4,0.3,3,6,14,0.1,37,38,12,8,17,14.3,13,N
2,3,0,1,1,4,2,0.2,2,2,1,0.5,7,1,0,12,0,26.3,12.3,3997.8,0.1,75,0.1,222.1,324.1,0.5,1,2,7,0.1,30,36,12,16,25,33.3,14,N
6,9,1,2,4,16,5,0.4,8,2,2,0.4,16,1,0,12,0,15.9,20,6345.7,0.1,66,0.1,352.5,317.3,0.2,4,8,13,0.2,62,74,32,15,50,35.7,30,N
7,9,1,3,12,14,5,0.2,6,2.3,3,0.6,17,3,0.5,27,0,52,14.5,10977.3,0.3,136,0.1,609.9,755.4,0.6,4,7,14,0.1,42,49,25,15,16,0,12,N
3,3,1,0,0,4,2,0.2,2,2,1,0.5,7,1,0,12,2,38.4,12.6,6102.1,0.2,91,0.1,339,484.3,0.5,1,2,7,0.1,48,63,19,19,23,0,21,N
1,9,3,0,0,14,5,0.2,6,2.3,3,0.6,23,5,1,21,2,24.3,24,13980.5,0.2,111,0,776.7,582.5,1,4,7,20,0.2,30,34,15,16,14,0,12,N
1,5,3,0,0,8,3,0.3,4,2,3,1,11,1,0,12,2,19.8,16,5073.1,0.1,64,0.1,281.8,317.1,0.3,2,4,10,0.2,16,17,10,13,10,0,8,N
1,3,1,0,0,4,2,0.3,2,2,2,1,7,1,0,8,2,14.4,10.4,1552.5,0.1,33,0.1,86.3,149.3,0.5,1,2,7,0.2,57,77,32,21,42,5.1,39,N
2,13,8,2,0,12,8,0.2,6,2,8,1,33,5,0.6,37,1,41,18.7,14355.4,0.3,134,0.1,797.5,767.5,0.6,3,6,27,0.2,83,92,30,18,48,7.1,39,N
5,15,5,0,3,28,8,0.2,14,2,8,1,42,1,0,39,3,39.3,24.9,24336.5,0.3,175,0,1352,977.4,0.1,7,14,36,0.2,70,81,36,15,40,0,36,N
3,19,8,0,0,30,10,0.3,14,2.1,6,0.6,53,1,0,36,0,58.7,14.6,12491.2,0.3,151,0.1,694,856.5,0.1,8,15,45,0.3,75,101,40,22,45,0,43,N
1,19,10,0,0,16,13,0.3,8,2,9,0.7,51,3,0.2,43,1,50.8,20.6,21613.7,0.4,176,0.1,1200.8,1047.9,0.2,4,8,40,0.3,201,287,102,21,146,48.4,90,Y
17,57,3,24,38,102,29,0.3,46,2.2,9,0.3,96,8,0.3,66,0,163.7,20.7,70100.6,1.1,488,0.1,3894.5,3388,0.3,28,59,69,0.2,14,21,10,11,10,0,6,N
3,7,2,0,0,8,4,0.7,2,4,2,0.5,10,4,1,6,0,20,7.7,1183.7,0.1,35,0.1,65.8,153.7,1,3,4,8,0.4,165,206,78,16,99,29.6,72,N
10,41,1,10,16,80,21,0.3,40,2,6,0.3,81,1,0,62,0,143.7,16.9,41152.7,0.8,371,0.1,2286.3,2431.8,0.1,20,40,62,0.2,81,93,15,11,74,36.8,37,N
16,27,0,1,20,48,14,0.4,22,2.2,1,0.1,54,5,0.3,36,0,27.5,29.7,24290.9,0.3,174,0,1349.5,817.9,0.4,13,24,42,0.2,67,73,27,8,106,12.5,29,Y
8,3,5,1,3,4,2,0.1,2,2,2,1,9,1,0,28,0,72.4,9.9,7127.8,0.2,140,0.1,396,718.1,0.5,1,2,9,0,47,63,31,16,38,41.2,25,Y
3,15,2,5,9,26,8,0.3,12,2.2,4,0.5,26,1,0,20,0,50.4,12.1,7410.9,0.2,110,0.1,411.7,611,0.1,7,13,20,0.2,21,31,16,14,16,25,10,N
3,5,1,1,2,8,3,0.3,4,2,2,0.7,9,1,0,9,0,27.8,9.2,2344.3,0.1,52,0.1,130.2,255.2,0.3,2,4,8,0.2,33,42,20,15,20,26.7,12,N
4,5,1,1,3,8,3,0.3,4,2,2,0.7,9,1,0,11,0,31.1,12.4,4760.6,0.1,75,0.1,264.5,384.7,0.3,2,4,8,0.2,38,52,25,16,24,35,16,Y
3,9,1,3,4,16,5,0.3,8,2,2,0.4,16,1,0,13,0,39.7,12.2,5863.3,0.2,90,0.1,325.7,482.2,0.2,4,8,13,0.2,21,31,16,14,16,25,10,N
3,5,1,1,2,8,3,0.3,4,2,2,0.7,9,1,0,9,0,27.8,9.2,2344.3,0.1,52,0.1,130.2,255.2,0.3,2,4,8,0.2,29,40,20,15,26,42.9,14,Y
4,7,1,2,7,12,4,0.3,6,2,2,0.5,13,1,0,12,0,32.5,10.9,3848.9,0.1,69,0.1,213.8,353.9,0.3,3,6,11,0.2,236,300,106,21,102,19.1,69,Y
17,23,2,1,15,44,12,0.2,22,2,1,0.1,51,1,0,68,0,160.2,23.4,87570.1,1.3,536,0,4865,3745.9,0.1,11,22,41,0.1,69,102,35,23,84,52.8,41,N
11,17,1,7,31,20,11,0.3,10,2,4,0.4,30,1,0,34,0,44.2,22.7,22710.3,0.3,171,0,1261.7,1001.7,0.1,5,10,21,0.1,16,22,11,10,13,27.3,10,N
1,5,3,2,1,8,3,0.3,4,2,3,1,11,1,0,8,0,23,7.3,1213.9,0.1,38,0.1,67.4,166.9,0.3,2,4,10,0.2,95,126,69,12,58,28.9,42,N
5,11,7,5,10,20,6,0.1,10,2,6,1,31,1,0,37,0,169.6,8.3,11574.4,0.5,221,0.1,643,1401.1,0.2,5,10,27,0.1,23,32,18,13,17,23.1,12,N
3,7,3,2,1,10,4,0.3,4,2.5,2,0.5,14,1,0,10,0,32.8,8.3,2263.1,0.1,55,0.1,125.7,272.5,0.3,3,5,12,0.2,152,229,75,28,175,35.3,109,Y
24,38,21,12,41,60,21,0.2,28,2.1,18,0.9,96,5,0.2,97,0,89.8,28.4,72282.7,0.9,381,0,4015.7,2547.6,0.2,16,30,77,0.1,48,60,27,17,23,5,20,N
2,5,2,1,0,8,3,0.2,4,2,2,0.7,12,1,0,19,1,39,15.1,8909.8,0.2,108,0.1,495,589.6,0.3,2,4,11,0.1,101,129,54,17,81,24.2,47,N
18,19,7,0,15,32,10,0.2,14,2.3,7,0.7,46,9,0.9,47,3,89,15.9,22487,0.5,230,0.1,1249.3,1414.4,0.9,9,16,38,0.1,21,32,15,11,25,0,15,Y
9,5,2,0,0,8,3,0.2,4,2,3,1,9,1,0,15,0,32.4,7.7,1918.3,0.1,53,0.1,106.6,249.1,0.3,2,4,8,0.1,17,20,12,10,16,18.2,9,N
4,3,2,0,2,4,2,0.2,2,2,2,1,6,1,0,9,2,23.3,7.1,1168.7,0.1,37,0.1,64.9,165,0.5,1,2,6,0.1,120,153,54,28,66,14.9,40,N
18,11,8,0,7,20,6,0.2,10,2,6,1,30,3,0.4,40,2,55.8,31.1,53996.8,0.6,273,0,2999.8,1735.6,0.5,5,10,26,0.1,38,52,20,14,32,0,20,N
11,7,1,0,0,12,4,0.2,6,2,4,1,12,1,0,20,1,34.4,13.3,6089.7,0.2,90,0.1,338.3,457.9,0.3,3,6,10,0.1,36,47,22,16,36,13,20,N
12,5,2,0,3,8,3,0.2,4,2,3,1,10,1,0,20,1,33.3,13.1,5702.1,0.2,83,0.1,316.8,435.6,0.3,2,4,9,0.1,40,57,10,11,27,11.1,16,N
8,13,1,0,2,16,7,0.4,4,4,3,0.4,21,7,1,16,0,19.4,22,9373.2,0.1,97,0.1,520.7,426.1,1,6,8,16,0.3,31,43,21,11,37,0,22,N
14,5,4,0,0,8,3,0.1,4,2,3,1,14,1,0,22,0,45.6,8.1,3004.1,0.1,74,0.1,166.9,370,0.3,2,4,13,0.1,25,37,15,14,26,6.3,15,N
9,5,2,0,1,8,3,0.2,4,2,3,1,10,1,0,15,1,25.8,11.7,3513.9,0.1,62,0.1,195.2,301.2,0.3,2,4,9,0.1,59,100,39,26,75,0,55,N
19,17,13,0,0,4,15,0.3,2,2,14,0.9,35,1,0,55,1,48.7,19.7,18831.9,0.3,159,0.1,1046.2,957.6,0.1,1,2,22,0.2,58,65,33,10,52,27,28,N
14,5,7,1,9,8,3,0.1,4,2,2,0.7,15,1,0,27,0,76,8.8,5865.3,0.2,123,0.1,325.9,667.4,0.3,2,4,14,0.1,191,234,57,24,109,15.3,72,N
23,51,0,0,13,84,26,0.4,34,2.5,1,0,86,13,0.5,72,0,67,40.2,108344.7,0.9,425,0,6019.2,2694.4,0.5,25,42,62,0.2,104,109,59,15,48,10.3,35,N
8,3,2,0,4,4,2,0.1,2,2,1,0.5,8,1,0,35,0,100,13.2,17485.4,0.4,213,0.1,971.4,1322.6,0.5,1,2,8,0,153,181,57,21,64,18.8,40,N
15,5,2,1,8,8,3,0.1,4,2,2,0.7,17,1,0,39,0,74.5,28.2,59167.8,0.7,334,0,3287.1,2099.3,0.3,2,4,16,0.1,27,34,16,11,24,6.7,14,N
8,3,2,0,1,4,2,0.1,2,2,2,1,8,1,0,14,1,31.3,9.3,2692,0.1,61,0.1,149.6,290.1,0.5,1,2,8,0.1,31,49,19,19,29,9.5,21,N
7,10,4,2,0,8,6,0.3,2,4,4,0.7,16,4,0.6,19,0,27.1,15.5,6507.4,0.1,80,0.1,361.5,419.8,0.7,3,4,12,0.2,39,59,20,13,42,10,27,N
11,17,4,0,3,24,9,0.3,8,3,5,0.6,28,9,1,27,0,39,12.7,6265.9,0.2,98,0.1,348.1,494.4,1,8,12,21,0.2,36,45,14,14,24,18.8,13,N
7,3,2,0,3,4,2,0.2,2,2,2,1,7,1,0,13,1,21.6,18,7009.1,0.1,81,0.1,389.4,389.4,0.5,1,2,7,0.1,19,20,9,8,16,0,9,N
6,3,0,0,0,4,2,0.2,2,2,1,0.5,7,1,0,9,0,18.9,8.4,1346.1,0.1,39,0.1,74.8,159.4,0.5,1,2,7,0.1,17,24,14,10,21,0,12,N
8,3,2,0,0,4,2,0.2,2,2,2,1,7,1,0,12,0,31,6.1,1141.3,0.1,41,0.2,63.4,188,0.5,1,2,7,0.1,74,93,38,18,77,28.6,40,N
20,13,7,0,16,22,7,0.2,10,2.2,6,0.9,30,3,0.3,40,1,55.3,17.5,16997.5,0.3,167,0.1,944.3,969.8,0.4,6,11,25,0.1,155,196,66,28,92,27.5,50,N
22,19,9,0,19,32,10,0.2,14,2.3,7,0.7,42,5,0.4,50,0,70,32.9,75642.9,0.8,351,0,4202.4,2300.7,0.5,9,16,34,0.1,20,29,12,14,21,7.7,12,N
7,5,3,0,1,8,3,0.3,4,2,3,1,10,1,0,12,1,19.7,11.7,2687.1,0.1,49,0.1,149.3,230.3,0.3,2,4,9,0.1,43,61,19,14,35,0,23,N
11,13,1,0,0,18,7,0.3,6,3,4,0.6,18,7,1,23,1,33.1,15.8,8311,0.2,104,0.1,461.7,524.6,1,6,9,13,0.2,19,27,13,12,23,7.1,13,N
8,3,2,0,1,4,2,0.2,2,2,2,1,7,1,0,13,1,24.4,8.8,1873.3,0.1,46,0.1,104.1,213.6,0.5,1,2,7,0.1,100,145,48,21,90,16.4,51,N
28,27,12,0,10,44,14,0.3,18,2.4,11,0.8,57,9,0.6,51,0,68.4,21.9,32737.9,0.5,245,0.1,1818.8,1496.6,0.6,13,24,45,0.2,26,34,18,14,26,11.8,15,N
8,5,2,0,2,8,3,0.2,4,2,3,1,12,1,0,15,3,29.7,10.1,3033.3,0.1,60,0.1,168.5,300,0.3,2,4,11,0.1,8,13,6,7,14,0,12,N
1,3,0,0,0,4,2,0.2,2,2,1,0.5,6,1,0,12,2,16.7,4.7,362.6,0,21,0.2,20.2,77.7,0.5,1,2,6,0.1,31,42,15,19,29,0,27,N
1,13,2,0,0,22,7,0.3,10,2.2,3,0.4,24,1,0,27,2,18.9,19.6,7291.5,0.1,73,0.1,405.1,371.4,0.1,6,11,19,0.2,6,11,5,7,9,0,7,N
1,3,0,0,0,4,2,0.3,2,2,1,0.5,5,1,0,7,1,14.5,4.2,256,0,17,0.2,14.2,60.9,0.5,1,2,5,0.2,90,107,49,22,64,7.7,48,N
11,9,12,0,4,20,5,0.1,10,2,5,1,32,1,0,48,0,60,20.2,24477.3,0.4,197,0.1,1359.9,1211.5,0.2,5,10,29,0.1,50,89,13,12,22,0,17,N
4,3,3,0,0,4,2,0.1,2,2,2,1,9,1,0,17,1,28,23.1,14896.1,0.2,139,0,827.6,645.5,0.5,1,2,9,0.1,13,22,10,11,19,0,17,N
1,5,0,0,0,8,3,0.2,4,2,1,0.3,12,1,0,17,1,21.5,7.2,1099.2,0.1,35,0.1,61.1,153.7,0.3,2,4,11,0.2,12,15,9,10,9,0,8,N
0,3,1,0,0,4,2,0.3,2,2,1,0.5,7,1,0,8,1,17.2,6.7,764.6,0,27,0.2,42.5,114.7,0.5,1,2,7,0.2,24,42,10,16,18,0,17,N
0,11,1,0,0,8,8,0.5,4,2,1,0.1,22,1,0,17,2,16.2,19.2,5956.4,0.1,66,0.1,330.9,310.2,0.1,2,4,16,0.4,37,39,11,10,19,0,17,N
1,3,0,0,0,4,2,0.1,2,2,1,0.5,6,1,0,17,4,19.9,16.8,5614.2,0.1,76,0.1,311.9,333.8,0.5,1,2,6,0.1,159,207,55,32,82,9.6,66,N
8,52,13,0,7,80,28,0.4,36,2.2,17,0.6,110,22,0.8,66,2,51,46.3,109073.6,0.8,366,0,6059.7,2358.1,0.8,22,40,84,0.3,22,29,12,14,14,0,12,N
1,7,4,0,0,12,4,0.3,6,2,3,0.8,20,3,0.7,12,2,18.7,12.8,3076.4,0.1,51,0.1,170.9,239.7,0.8,3,6,18,0.3,123,145,58,24,107,13.2,62,N
16,11,13,3,6,24,6,0.1,12,2,5,0.8,45,1,0,59,0,67,25.5,43359.4,0.6,268,0,2408.9,1703.8,0.2,6,12,41,0.1,12,15,9,10,9,0,8,N
0,3,1,0,0,4,2,0.3,2,2,1,0.5,7,1,0,8,1,17.2,6.7,764.6,0,27,0.2,42.5,114.7,0.5,1,2,7,0.2,79,119,39,22,170,65,64,Y
32,12,15,16,73,12,8,0.1,6,2,8,1,52,1,0,48,0,52.7,22.3,26165.5,0.4,198,0,1453.6,1174.3,0.1,3,6,46,0.1,42,49,16,10,26,22.2,21,N
7,13,3,0,6,24,7,0.3,12,2,4,0.6,32,1,0,21,0,32.6,13.1,5614.1,0.1,91,0.1,311.9,427.7,0.1,6,12,27,0.3,27,31,16,17,45,55.6,21,N
6,9,2,1,24,16,5,0.2,8,2,4,0.8,19,1,0,20,0,20.4,14.3,4196.6,0.1,58,0.1,233.2,292.6,0.2,4,8,16,0.1,3,6,3,6,5,0,4,N
0,3,1,0,0,4,2,0.5,2,2,2,1,6,1,0,4,1,9.5,3,85.6,0,9,0.3,4.8,28.5,0.5,1,2,6,0.4,48,52,20,11,33,8,23,N
7,5,3,0,2,8,3,0.1,4,2,3,1,17,1,0,23,0,37.5,13.2,6539.5,0.2,100,0.1,363.3,495.4,0.3,2,4,16,0.1,7,18,5,12,5,0,4,N
0,3,1,0,0,4,2,0.5,2,2,2,1,6,1,0,4,1,12.2,8.4,858.4,0,25,0.1,47.7,102.2,0.5,1,2,6,0.4,25,49,11,20,17,6.7,14,N
1,11,1,0,1,20,6,0.4,10,2,2,0.3,21,4,0.6,14,3,16.1,22.7,8332.1,0.1,74,0,462.9,366.6,0.7,5,10,17,0.4,9,14,4,9,8,0,7,N
0,3,1,0,0,4,2,0.3,2,2,2,1,7,1,0,7,1,8.4,10.1,861.7,0,23,0.1,47.9,85.1,0.5,1,2,7,0.3,10,10,7,7,11,22.2,7,N
1,3,2,0,2,4,2,0.3,2,2,2,1,8,1,0,7,0,15.2,5,380.7,0,20,0.2,21.2,76.2,0.5,1,2,8,0.2,45,65,19,20,18,0,17,N
0,9,5,0,0,16,5,0.3,8,2,4,0.8,20,1,0,17,1,24.6,23.7,13769.9,0.2,110,0,765,581.4,0.2,4,8,17,0.3,72,87,27,18,53,17.1,29,N
9,11,2,0,6,16,6,0.2,6,2.7,2,0.3,30,5,0.8,29,0,36.4,24,20956.9,0.3,159,0,1164.3,873.2,0.8,5,8,26,0.1,17,25,8,12,16,0,13,N
2,7,2,0,0,8,4,0.3,4,2,3,0.8,15,1,0,13,0,14.2,12.8,2314.4,0.1,42,0.1,128.6,181.5,0.3,2,4,13,0.3,9,16,7,10,8,0,6,N
1,3,2,0,0,4,2,0.3,2,2,1,0.5,7,1,0,6,2,15.9,6.4,656.9,0,25,0.2,36.5,102.2,0.5,1,2,7,0.3,22,39,12,22,15,0,13,N
1,7,1,0,0,12,4,0.3,6,2,2,0.5,15,3,0.7,13,4,15.4,20.2,6258.4,0.1,61,0.1,347.7,310.3,0.8,3,6,13,0.3,38,49,16,17,23,4.8,21,N
1,11,1,1,0,16,6,0.3,6,2.7,2,0.3,17,6,1,20,3,21.7,20.2,8859.5,0.2,87,0.1,492.2,438.9,1,5,8,13,0.3,39,46,17,16,22,5,19,N
1,15,4,0,1,22,8,0.4,10,2.2,8,1,27,8,1,19,1,23.4,18.4,7869.3,0.1,85,0.1,437.2,428.8,1,6,11,21,0.4,32,37,21,13,21,11.1,16,N
2,7,6,0,2,10,4,0.3,4,2.5,3,0.8,19,3,0.7,16,2,35.4,9.9,3476.9,0.1,69,0.1,193.2,351,0.8,3,5,17,0.2,9,15,8,9,10,12.5,7,N
1,5,2,0,1,6,3,0.4,2,3,3,1,8,3,1,7,0,19.4,5.1,496.6,0,24,0.2,27.6,98.1,1,2,3,7,0.3,17,20,7,12,12,10,9,N
1,5,1,0,1,8,3,0.3,4,2,2,0.7,9,1,0,9,0,10.8,14.6,2290.2,0.1,37,0.1,127.2,157.2,0.3,2,4,8,0.3,26,30,18,14,17,6.7,14,N
1,9,3,0,1,14,5,0.4,6,2.3,3,0.6,19,3,0.5,14,1,27.7,10.1,2831.1,0.1,56,0.1,157.3,280,0.6,4,7,16,0.3,215,268,55,17,61,0,58,N
2,143,8,0,0,186,72,1.2,88,2.1,71,1,221,70,1,58,0,89.7,33.2,99019.7,1,483,0,5501.1,2980.1,1,49,93,151,1.2,20,29,10,16,14,16.7,10,N
1,9,1,0,2,12,5,0.5,6,2,5,1,14,5,1,10,1,14.4,16,3685.1,0.1,49,0.1,204.7,230.3,1,3,6,11,0.4,18,27,9,16,14,16.7,10,N
1,9,1,0,2,12,5,0.5,6,2,5,1,14,5,1,10,1,13.1,16,3343.6,0.1,45,0.1,185.8,209,1,3,6,11,0.4,17,20,8,12,13,9.1,10,N
1,5,1,0,1,8,3,0.3,4,2,2,0.7,9,1,0,10,1,12.5,12.8,2038.9,0.1,37,0.1,113.3,159.9,0.3,2,4,8,0.2,21,24,11,11,16,7.1,13,N
1,5,2,0,1,8,3,0.2,4,2,3,1,12,1,0,13,1,19.1,10.5,2107.1,0.1,45,0.1,117.1,200.7,0.3,2,4,11,0.2,10,27,5,14,5,0,3,N
1,3,1,0,0,4,2,0.7,2,2,2,1,6,1,0,3,0,11.2,14,2200.4,0.1,37,0.1,122.3,157.2,0.5,1,2,6,0.4,22,29,10,13,13,0,10,N
2,7,2,0,0,10,4,0.4,4,2.5,2,0.5,13,1,0,10,1,16.1,14.3,3299,0.1,51,0.1,183.3,230.7,0.3,3,5,11,0.3,29,45,6,18,16,0,13,N
2,13,2,0,0,20,7,0.5,8,2.5,5,0.7,24,6,0.8,13,2,7.8,43.5,14759,0.1,74,0,819.9,339.3,0.9,6,10,19,0.4,13,25,4,13,11,0,8,N
2,9,1,0,0,14,5,0.6,6,2.3,4,0.8,18,4,0.8,8,1,7.4,21.1,3281.2,0.1,38,0.1,182.3,155.3,0.8,4,7,15,0.5,13,14,6,8,7,0,6,N
0,3,1,0,0,4,2,0.3,2,2,2,1,6,1,0,6,1,11.9,8.7,890.9,0,27,0.1,49.5,102.8,0.5,1,2,6,0.3,40,48,18,18,20,0,18,N
1,11,2,0,0,18,6,0.3,8,2.3,2,0.3,21,6,1,18,4,22.8,20,9099.1,0.2,88,0.1,505.5,455,1,5,9,17,0.3,55,72,27,22,45,0,27,N
2,15,6,0,0,28,8,0.3,14,2,8,1,37,1,0,27,2,31.8,22.4,15978,0.2,127,0,887.7,713.1,0.1,7,14,31,0.2,16,18,8,11,12,0,7,N
4,5,1,0,0,8,3,0.4,4,2,2,0.7,10,1,0,7,0,13.1,11,1588.7,0.1,34,0.1,88.3,144.4,0.3,2,4,9,0.3,22,31,12,14,15,0,13,N
1,5,2,0,0,8,3,0.2,4,2,3,1,12,3,1,13,2,19.4,12.8,3197.1,0.1,53,0.1,177.6,249.1,1,2,4,11,0.2,66,75,30,19,55,0,21,N
3,15,8,0,0,28,8,0.4,14,2,6,0.8,36,5,0.6,21,0,37.9,20.9,16546,0.3,141,0.1,919.2,791.7,0.6,7,14,30,0.2,242,274,93,23,124,5.6,88,N
13,71,16,4,1,126,36,0.4,56,2.3,24,0.7,150,15,0.4,84,0,118.3,29.9,105895.2,1.2,516,0,5883.1,3538.7,0.4,35,65,116,0.3,16,21,9,14,10,0,8,N
1,5,1,0,0,8,3,0.4,4,2,1,0.3,10,1,0,8,1,13.5,12.4,2082.9,0.1,37,0.1,115.7,167.4,0.3,2,4,9,0.3,119,153,44,22,58,3.9,51,N
5,23,9,1,1,44,12,0.2,22,2,9,0.8,61,10,0.8,50,2,55.3,29.8,48911.2,0.6,272,0,2717.3,1644.1,0.8,11,22,51,0.2,18,25,16,10,15,0,13,N
1,5,5,0,0,8,3,0.2,4,2,3,1,16,3,1,13,0,35.9,5.6,1136.9,0.1,43,0.2,63.2,202.1,1,2,4,15,0.2,38,53,19,19,21,13,20,N
2,13,5,0,3,22,7,0.4,10,2.2,4,0.6,28,7,1,20,1,25.1,19,9073.7,0.2,91,0.1,504.1,477.6,1,6,11,23,0.3,57,61,13,15,17,0,12,N
4,19,2,0,0,28,10,0.8,10,2.8,9,0.9,33,1,0,12,0,17.3,32.9,18654.4,0.2,118,0,1036.3,567.3,0.1,9,14,25,0.6,142,177,47,26,113,1.6,62,N
6,35,8,0,1,66,18,0.3,32,2.1,11,0.6,79,12,0.7,62,2,50.3,39.3,77553.8,0.7,319,0,4308.5,1974.6,0.7,17,33,63,0.2,55,67,23,17,23,4.8,21,N
1,19,7,1,0,30,10,0.5,12,2.5,5,0.5,39,7,0.7,20,2,31.9,20.3,13197.2,0.2,122,0.1,733.2,649.3,0.7,9,15,31,0.4,9,14,9,9,8,0,6,N
1,3,3,0,0,4,2,0.3,2,2,2,1,8,1,0,6,0,21.3,4.5,431.6,0,23,0.2,24,95.9,0.5,1,2,8,0.3,16,17,12,6,15,0,10,N
4,3,5,0,0,4,2,0.2,2,2,2,1,10,1,0,10,1,34.4,4,550.4,0.1,33,0.3,30.6,137.6,0.5,1,2,10,0.1,81,91,24,15,24,0,21,N
2,21,3,0,0,38,11,0.5,18,2.1,3,0.3,42,3,0.2,21,0,35.9,25.3,23011.3,0.3,172,0,1278.4,909.1,0.3,10,19,33,0.5,24,29,12,9,11,0,10,N
0,5,2,0,0,8,3,0.3,4,2,3,1,11,1,0,10,0,25.9,9,2095.1,0.1,53,0.1,116.4,232.8,0.3,2,4,10,0.3,196,252,65,23,86,0,82,N
3,51,9,0,0,96,26,0.3,46,2.1,16,0.6,110,22,0.8,82,2,83.5,34.7,100349,1,448,0,5574.9,2893.8,0.9,25,48,86,0.3,42,51,26,14,29,30.8,25,N
2,11,1,7,1,16,6,0.2,6,2.7,3,0.5,19,5,0.8,18,0,43.8,11.3,5596.6,0.2,93,0.1,310.9,494.9,0.8,5,8,15,0.2,452,602,146,47,268,47.1,253,N
17,51,6,35,159,56,33,0.1,24,2.3,27,0.8,127,13,0.4,218,0,110,72.8,582205.6,2.7,1054,0,32344.8,8002.5,0.4,16,28,96,0.1,21,24,11,11,18,6.7,15,N
2,5,1,1,0,8,3,0.2,4,2,2,0.7,11,1,0,14,0,19.1,10.5,2107.1,0.1,45,0.1,117.1,200.7,0.3,2,4,10,0.2,145,159,59,16,73,19.7,61,Y
11,13,4,12,0,24,7,0.1,12,2,4,0.6,32,1,0,49,0,96.3,19.7,37229.3,0.6,304,0.1,2068.3,1893.6,0.1,6,12,27,0.1,66,83,45,18,61,21.6,47,Y
9,13,6,7,4,24,7,0.2,12,2,6,0.9,37,1,0,40,0,67.5,13.2,11756.1,0.3,149,0.1,653.1,890.6,0.1,6,12,32,0.1,54,74,35,19,46,20,45,N
1,13,2,9,0,24,5,0.1,12,2,3,0.6,32,1,0,36,0,50.3,14.7,10796.8,0.3,128,0.1,599.8,736.6,0.2,6,12,27,0.1,38,56,15,17,17,0,14,N
2,7,0,0,0,12,4,0.3,6,2,1,0.3,16,1,0,14,3,21.8,21.5,10120.7,0.2,94,0.1,562.3,470,0.3,3,6,14,0.2,8,11,5,8,7,0,5,N
1,3,1,0,0,4,2,0.4,2,2,2,1,7,1,0,5,3,11,6.4,450,0,19,0.2,25,70.3,0.5,1,2,7,0.3,37,43,20,13,23,0,22,N
0,11,3,0,0,20,6,0.3,10,2,4,0.7,26,1,0,22,0,33.6,12,4852.7,0.1,80,0.1,269.6,403.6,0.2,5,10,22,0.3,4,11,4,6,12,0,11,N
0,3,0,0,0,4,2,0.2,2,2,1,0.5,6,1,0,11,1,16.6,3,149.5,0,15,0.3,8.3,49.8,0.5,1,2,6,0.2,19,27,10,14,16,0,14,N
1,7,0,0,0,12,4,0.3,6,2,1,0.3,14,3,0.7,14,1,15.9,13.3,2805.1,0.1,46,0.1,155.8,210.9,0.8,3,6,12,0.3,11,15,8,10,12,0,11,N
0,3,1,0,0,4,2,0.2,2,2,2,1,6,1,0,11,0,15.8,6.9,745.4,0,26,0.2,41.4,108.4,0.5,1,2,6,0.2,20,33,10,15,36,19.2,21,N
9,9,3,0,5,14,5,0.2,6,2.3,4,0.8,18,3,0.5,21,0,16.4,15,3691.9,0.1,53,0.1,205.1,246.1,0.6,4,7,15,0.1,16,18,9,10,10,0,9,N
0,3,2,0,0,4,2,0.2,2,2,2,1,8,1,0,9,2,16.3,8.9,1283.8,0.1,34,0.1,71.3,144.4,0.5,1,2,8,0.2,14,15,6,7,13,0,10,N
2,5,0,0,0,8,3,0.3,4,2,1,0.3,11,1,0,10,0,13.1,8.2,876.4,0,29,0.1,48.7,107.3,0.3,2,4,10,0.2,46,51,21,13,23,0,21,N
1,7,4,0,0,12,4,0.2,6,2,2,0.5,24,1,0,21,3,34.7,14.2,7026.3,0.2,97,0.1,390.4,493.5,0.3,3,6,22,0.2,53,62,33,14,40,0,34,N
5,15,3,0,0,28,8,0.2,14,2,4,0.5,40,1,0,34,3,56.8,11.2,7181.4,0.2,115,0.1,399,638.8,0.1,7,14,34,0.2,45,49,27,11,23,0,21,N
1,7,4,0,0,12,4,0.2,6,2,2,0.5,24,1,0,21,3,53.8,9.2,4522,0.2,94,0.1,251.2,493.3,0.3,3,6,22,0.2,7,7,4,7,7,0,4,N
2,3,0,0,0,4,2,0.5,2,2,1,0.5,6,1,0,4,1,7.9,6.1,296.7,0,14,0.2,16.5,48.4,0.5,1,2,6,0.3,27,31,11,10,15,0,14,N
0,3,1,0,0,4,2,0.1,2,2,2,1,5,1,0,14,1,20.8,12.3,3126.5,0.1,58,0.1,173.7,254.8,0.5,1,2,5,0.1,29,35,13,10,18,0,17,N
0,7,2,0,0,12,4,0.2,6,2,3,0.8,13,1,0,17,2,26,11.2,3229.1,0.1,64,0.1,179.4,289.5,0.3,3,6,11,0.2,11,14,7,7,10,12.5,8,N
1,3,3,1,0,4,2,0.3,2,2,2,1,8,1,0,7,0,17.3,5.5,523.5,0,25,0.2,29.1,95.2,0.5,1,2,8,0.2,30,36,13,11,20,0,17,N
2,5,5,0,0,8,3,0.2,4,2,3,1,15,1,0,17,3,23.8,12.7,3840.8,0.1,66,0.1,213.4,302.6,0.3,2,4,14,0.2,44,47,19,12,21,5,20,N
0,5,6,1,0,8,3,0.2,4,2,2,0.7,21,1,0,19,0,32.5,13.9,6264.2,0.2,91,0.1,348,450.8,0.3,2,4,20,0.1,18,24,11,11,12,0,10,N
1,3,4,0,0,4,2,0.2,2,2,2,1,10,1,0,10,2,20.8,9,1685.7,0.1,42,0.1,93.7,187.3,0.5,1,2,10,0.2,50,61,19,12,28,8.3,22,N
3,13,9,0,2,24,7,0.3,12,2,7,1,32,4,0.5,22,1,34.8,15.8,8682.9,0.2,111,0.1,482.4,549.9,0.6,6,12,27,0.3,8,11,5,7,9,27.3,8,N
2,5,1,0,3,6,3,0.4,2,3,2,0.7,9,3,1,8,1,12.2,5.6,381.4,0,19,0.2,21.2,68.1,1,2,3,8,0.3,17,33,6,15,15,0,13,N
1,13,0,0,0,20,7,0.5,8,2.5,1,0.1,21,7,1,13,1,10.3,21.3,4666.8,0.1,50,0.1,259.3,219.6,1,6,10,16,0.5,198,243,92,27,83,6.4,77,N
4,41,22,4,1,78,21,0.3,38,2.1,20,1,117,11,0.5,73,1,104.7,29.1,88343.1,1,441,0,4908,3040.6,0.5,20,39,98,0.3,20,26,9,15,11,0,9,N
1,7,1,0,0,10,4,0.4,4,2.5,2,0.5,13,3,0.7,9,1,12.7,16.7,3515.1,0.1,46,0.1,195.3,210.9,0.8,3,5,11,0.4,22,30,10,13,13,0,11,N
1,7,2,0,0,12,4,0.4,6,2,3,0.8,17,4,1,11,1,16.5,14.3,3363.7,0.1,52,0.1,186.9,235.2,1,3,6,15,0.3,10,16,7,11,9,0,7,N
1,5,1,0,0,6,3,0.4,2,3,2,0.7,9,3,1,7,1,13.8,7.9,851.9,0,26,0.1,47.3,108.4,1,2,3,8,0.3,27,36,10,16,12,0,10,N
1,13,1,0,0,20,7,0.7,8,2.5,3,0.4,22,1,0,10,1,13.7,21.6,6396.4,0.1,63,0.1,355.4,296.1,0.1,6,10,17,0.6,14,20,9,14,12,0,10,N
1,5,2,0,0,6,3,0.3,2,3,2,0.7,10,3,1,10,2,14.1,10.9,1674.7,0.1,34,0.1,93,153.8,1,2,3,9,0.3,241,291,64,32,141,1.6,122,N
18,17,1,2,0,4,15,0.1,2,2,2,0.1,35,1,0,120,1,58.1,60.3,211067.8,1.2,532,0,11726,3503.2,0.1,1,2,22,0.1,24,28,12,14,17,18.2,11,N
5,7,1,2,0,10,4,0.4,4,2.5,2,0.5,11,1,0,9,0,17.5,14,3421.9,0.1,52,0.1,190.1,244.4,0.3,3,5,9,0.2,25,26,13,11,25,27.8,15,N
6,5,1,2,3,8,3,0.2,4,2,2,0.7,13,1,0,13,1,22.1,10.6,2473.2,0.1,51,0.1,137.4,233.8,0.3,2,4,12,0.1,117,137,37,15,49,10.5,36,Y
10,5,4,2,2,8,3,0.1,4,2,1,0.3,13,1,0,34,0,61.1,23.7,34339,0.5,254,0,1907.7,1447.9,0.3,2,4,12,0.1,139,145,69,15,70,17.9,48,N
13,5,1,2,8,8,3,0.1,4,2,1,0.3,10,1,0,46,0,120.2,15.1,27428.6,0.6,284,0.1,1523.8,1815.4,0.3,2,4,9,0,63,78,22,21,46,34.4,23,N
13,11,0,2,9,20,6,0.3,10,2,1,0.2,22,1,0,21,0,25.5,30.1,23005.3,0.3,141,0,1278.1,765.1,0.2,5,10,18,0.1,57,77,36,22,71,24.5,41,N
21,14,9,4,8,18,8,0.2,8,2.3,4,0.5,33,3,0.3,37,0,45.1,17.4,13671.6,0.3,134,0.1,759.5,785,0.4,5,9,27,0.1,74,109,35,25,74,3.3,60,Y
13,16,3,2,0,10,12,0.2,4,2.5,7,0.6,34,4,0.3,58,1,40.9,26.4,28568.3,0.4,183,0,1587.1,1081,0.3,3,5,24,0.2,33,39,17,14,35,41.7,18,N
10,9,3,4,6,16,5,0.3,8,2,2,0.4,20,3,0.5,14,1,26.3,13.6,4847,0.1,72,0.1,269.3,356.7,0.6,4,8,17,0.1,65,100,35,25,59,14.3,40,N
16,15,9,4,2,12,9,0.2,4,3,7,0.8,33,5,0.5,36,0,42,23.2,22625.5,0.3,165,0,1257,974.6,0.6,4,6,26,0.2,9,9,6,8,9,16.7,5,N
2,3,0,0,1,4,2,0.4,2,2,1,0.5,6,1,0,5,1,11.4,6,411.2,0,18,0.2,22.8,68.5,0.5,1,2,6,0.2,9,19,3,9,12,0,9,N
2,7,0,0,0,12,4,0.4,6,2,1,0.3,13,4,1,9,2,7.4,13.5,1355.1,0,28,0.1,75.3,100.4,1,3,6,11,0.3,8,14,7,9,6,0,5,N
0,3,1,0,0,4,2,0.4,2,2,2,1,6,1,0,5,3,17.1,5.1,452.6,0,22,0.2,25.1,88,0.5,1,2,6,0.3,12,16,8,9,11,0,9,N
1,3,1,0,0,4,2,0.2,2,2,2,1,7,1,0,9,3,17,6.8,772.5,0,28,0.2,42.9,114.5,0.5,1,2,7,0.2,12,16,8,10,12,0,9,N
2,3,1,0,0,4,2,0.2,2,2,2,1,7,1,0,9,3,15.6,7.5,875.7,0,28,0.1,48.7,116.8,0.5,1,2,7,0.2,7,14,5,6,8,0,6,N
1,5,2,0,0,8,3,0.5,4,2,2,0.7,11,1,0,6,1,17.3,4.2,305.1,0,21,0.2,17,72.7,0.3,2,4,10,0.4,11,18,7,8,7,0,6,N
0,9,0,0,0,12,5,0.8,4,3,1,0.2,13,5,1,6,1,18,6.3,712.2,0,29,0.2,39.6,113.3,1,4,6,10,0.7,7,14,5,7,7,0,6,N
0,5,0,0,0,8,3,0.5,4,2,1,0.3,9,1,0,6,1,15.4,4.9,368.9,0,21,0.2,20.5,75.3,0.3,2,4,8,0.4,6,11,5,8,6,0,5,N
0,5,0,0,0,6,3,0.6,2,3,1,0.3,7,3,1,5,1,13.1,4.8,302,0,17,0.2,16.8,62.9,1,2,3,6,0.5,6,11,5,8,6,0,5,N
0,5,0,0,0,6,3,0.6,2,3,1,0.3,7,3,1,5,1,13.1,4.8,302,0,17,0.2,16.8,62.9,1,2,3,6,0.5,6,11,5,8,6,0,5,N
0,5,0,0,0,6,3,0.6,2,3,1,0.3,7,3,1,5,1,13.1,4.8,302,0,17,0.2,16.8,62.9,1,2,3,6,0.5,3,8,2,6,14,45.5,8,N
2,3,0,2,3,4,2,0.3,2,2,1,0.5,5,1,0,6,0,7.3,4.5,148.5,0,11,0.2,8.3,33,0.5,1,2,5,0.1,19,36,11,10,39,45.2,22,N
7,5,1,5,9,8,3,0.1,4,2,2,0.7,12,1,0,17,0,28,8.6,2086.4,0.1,55,0.1,115.9,241.6,0.3,2,4,11,0.1,9,15,8,8,15,40,7,N
4,3,4,1,3,4,2,0.3,2,2,2,1,8,1,0,6,0,21.3,4.5,432,0,24,0.2,24,96,0.5,1,2,8,0.1,6,11,5,8,6,0,5,N
0,5,0,0,0,6,3,0.6,2,3,1,0.3,7,3,1,5,1,13.1,4.8,302,0,17,0.2,16.8,62.9,1,2,3,6,0.5,16,25,9,8,8,0,7,N
0,13,0,0,0,18,7,1,6,3,1,0.1,19,7,1,7,1,23.6,7.1,1191.7,0.1,41,0.1,66.2,167.6,1,6,9,14,0.9,3,7,3,4,13,0,7,N
5,3,0,0,0,4,2,0.3,2,2,1,0.5,6,1,0,7,0,14,2,56.2,0,10,0.5,3.1,28.1,0.5,1,2,6,0.2,70,75,24,19,22,0,19,N
2,17,2,0,0,24,9,0.5,8,3,4,0.4,32,6,0.6,19,2,28.4,27.7,21801.2,0.3,145,0,1211.2,786.8,0.7,8,14,25,0.4,9,12,3,10,8,14.3,6,N
0,3,0,0,1,4,2,0.3,2,2,1,0.5,6,1,0,6,1,5.2,15,1165.6,0,21,0.1,64.8,77.7,0.5,1,2,6,0.3,54,57,27,13,21,0,19,N
1,9,3,0,0,16,5,0.3,8,2,5,1,24,1,0,19,0,45.4,13,7679.5,0.2,111,0.1,426.6,590.7,0.2,4,8,21,0.2,507,554,152,36,151,2.1,142,N
8,143,14,3,0,264,73,0.5,128,2.1,60,0.8,357,15,0.2,139,2,133.5,60,481241.5,2.7,1061,0,26735.6,8015.4,0.2,68,132,286,0.5,67,72,29,16,23,0,21,N
1,13,3,0,0,24,7,0.3,12,2,6,0.9,32,1,0,21,0,41.3,18.5,14109.1,0.3,139,0.1,783.8,763.4,0.1,6,12,27,0.3,17,31,11,13,14,0,12,N
1,7,0,0,0,12,4,0.3,6,2,1,0.3,14,1,0,12,0,21.9,10.1,2210.8,0.1,48,0.1,122.8,220.1,0.3,3,6,12,0.3,125,202,48,34,67,14,56,N
2,29,5,7,1,52,1,0,24,2.2,1,1,72,1,0,49,0,47,44.3,92035.5,0.7,327,0,5113.1,2078.9,1,14,26,59,0,17,24,12,14,9,0,8,N
0,3,3,0,0,4,2,0.3,2,2,2,1,7,1,0,8,0,19.4,9.9,1911.1,0.1,41,0.1,106.2,192.7,0.5,1,2,7,0.2,16,16,9,10,4,0,3,N
0,5,1,0,0,8,3,1,4,2,2,0.7,10,1,0,3,0,15.3,8.9,1208.3,0.1,32,0.1,67.1,135.9,0.3,2,4,9,0.8,57,92,13,20,21,0,20,N
0,9,1,0,0,16,5,0.3,8,2,4,0.8,22,1,0,20,0,17.1,43.9,32955.4,0.3,149,0,1830.9,751.6,0.2,4,8,19,0.2,17,23,10,10,9,12.5,8,N
0,7,1,1,0,12,4,0.5,6,2,4,1,13,1,0,7,0,20.3,8.5,1469.5,0.1,40,0.1,81.6,172.9,0.3,3,6,11,0.4,54,99,29,21,105,30.3,77,N
15,21,2,15,12,38,11,0.1,18,2.1,3,0.3,48,5,0.4,62,0,44.2,19.6,16883.1,0.3,153,0.1,938,863.5,0.5,10,19,39,0.1,79,144,38,23,159,36.9,109,Y
17,39,2,20,32,68,20,0.2,30,2.3,4,0.2,78,12,0.6,89,0,55.3,23.9,31619.5,0.4,223,0,1756.6,1322.6,0.6,19,34,60,0.1,39,62,22,23,27,4.4,22,N
3,9,0,0,1,8,6,0.3,4,2,1,0.2,18,1,0,22,3,27.2,20.4,11307.9,0.2,101,0.1,628.2,554.7,0.2,2,4,14,0.2,853,1281,104,66,174,0,152,N
14,72,10,0,0,72,53,0.4,36,2,43,0.8,249,1,0,152,3,58.4,270.7,4279633,5.3,2134,0,237757.4,15811.6,0,18,36,198,0.3,8,12,5,9,8,0,6,N
1,3,0,0,0,4,2,0.3,2,2,1,0.5,5,1,0,6,1,10.6,7.2,548.3,0,20,0.1,30.5,76.2,0.5,1,2,5,0.3,22,29,15,15,12,0,10,N
1,5,3,0,0,6,3,0.3,2,3,2,0.7,10,3,1,10,1,22.8,11,2752.8,0.1,51,0.1,152.9,250.3,1,2,3,9,0.3,22,23,13,14,12,0,10,N
1,7,3,0,0,10,4,0.4,4,2.5,3,0.8,16,3,0.7,10,3,18.1,11.9,2534.7,0.1,45,0.1,140.8,214,0.8,3,5,14,0.3,27,35,17,16,13,0,11,N
1,7,3,0,0,10,4,0.4,4,2.5,2,0.5,14,3,0.7,11,1,24.6,12.7,3973.8,0.1,62,0.1,220.8,312.8,0.8,3,5,12,0.3,31,43,15,20,19,15,17,N
3,13,1,0,3,14,8,0.5,6,2.3,2,0.3,23,3,0.3,17,0,18.4,20.7,7844.4,0.1,74,0.1,435.8,379.6,0.4,4,7,17,0.4,111,127,62,25,211,14.8,46,N
42,27,11,0,8,34,14,0.3,10,3.4,4,0.3,65,9,0.6,46,0,68.5,22.4,34316.5,0.5,238,0,1906.5,1533.4,0.6,12,17,53,0.1,89,107,30,25,39,5.6,36,N
2,33,6,2,0,58,17,0.5,26,2.2,7,0.4,68,14,0.8,34,0,30.6,37.1,42020.9,0.4,196,0,2334.5,1133.2,0.8,16,29,53,0.4,135,159,41,22,54,8,50,N
3,37,7,4,0,72,19,0.4,36,2,12,0.6,88,11,0.6,46,0,48.5,36.2,63649.3,0.6,294,0,3536.1,1757.3,0.6,18,36,71,0.4,31,48,18,15,53,6.5,29,N
21,8,5,0,2,4,6,0.2,2,2,3,0.5,24,1,0,29,0,30.9,12.9,5147.4,0.1,79,0.1,286,398.5,0.2,1,2,20,0.1,114,153,51,30,105,13.7,63,N
31,16,10,0,10,12,11,0.2,4,3,6,0.6,45,5,0.4,63,0,50.5,33.5,56756.6,0.6,267,0,3153.1,1692.7,0.5,4,7,36,0.1,87,111,51,15,63,25.9,48,N
4,25,24,5,10,44,13,0.3,20,2.2,13,1,72,11,0.8,43,0,93.5,12.8,15311.9,0.4,198,0.1,850.7,1196.8,0.9,12,22,61,0.2,58,72,23,15,22,0,19,N
2,13,3,0,0,24,7,0.4,12,2,4,0.6,30,7,1,19,0,36.1,18.9,12903.1,0.2,130,0.1,716.8,682.2,1,6,12,25,0.3,77,84,8,21,21,0,19,N
1,15,0,0,0,22,8,0.4,8,2.8,1,0.1,25,6,0.7,19,1,7.7,101.1,79044.5,0.3,161,0,4391.4,782.1,0.8,7,11,19,0.4,64,82,15,22,29,18.5,27,N
1,11,1,5,0,20,6,0.2,10,2,2,0.3,24,4,0.6,22,1,16.2,46.9,35696.6,0.3,146,0,1983.1,760.6,0.7,5,10,20,0.2,22,35,12,18,17,0,15,N
1,3,2,0,0,4,2,0.1,2,2,2,1,7,1,0,15,1,17,16.5,4614.9,0.1,57,0.1,256.4,279.7,0.5,1,2,7,0.1,43,48,13,15,26,20,19,N
5,9,3,3,1,16,5,0.3,8,2,2,0.4,18,1,0,16,0,17.6,24.8,10852.6,0.2,91,0,602.9,437.5,0.2,4,8,15,0.2,189,235,42,26,153,24.6,91,N
42,24,3,8,19,24,16,0.2,10,2.4,10,0.6,50,7,0.4,83,1,44.1,58.5,150993.4,0.9,424,0,8388.5,2581.1,0.4,7,12,36,0.1,54,64,26,16,53,54.3,19,N
17,3,1,3,16,4,2,0.1,2,2,1,0.5,8,1,0,16,0,38.3,16.6,10572.3,0.2,118,0.1,587.4,636.3,0.5,1,2,8,0,88,99,37,21,77,32.7,37,Y
24,5,4,2,15,8,3,0.1,4,2,3,1,16,1,0,35,1,43.9,25,27356.5,0.4,187,0,1519.8,1095.4,0.3,2,4,15,0,35,42,20,14,77,54.6,19,Y
28,5,3,4,14,6,3,0.2,2,3,2,0.7,10,3,1,15,0,32,12.3,4798.8,0.1,77,0.1,266.6,391.7,1,2,3,9,0,95,132,51,27,112,28,76,N
18,25,8,9,17,36,14,0.2,16,2.3,8,0.6,51,5,0.3,67,0,56.7,25.2,35879.5,0.5,227,0,1993.3,1426.8,0.4,10,18,39,0.1,28,42,17,14,24,17.4,19,N
0,9,1,0,4,12,5,0.3,4,3,3,0.6,14,5,1,19,3,30.1,11.5,3998.3,0.1,70,0.1,222.1,346.8,1,4,6,11,0.2,23,38,16,15,21,15,17,N
0,9,1,0,3,12,5,0.3,4,3,3,0.6,14,5,1,17,2,28,10.8,3258.2,0.1,61,0.1,181,302.2,1,4,6,11,0.2,5,10,4,8,7,0,5,N
1,3,0,0,0,4,2,0.4,2,2,1,0.5,6,1,0,5,3,10.8,5,268.9,0,15,0.2,14.9,53.8,0.5,1,2,6,0.3,11,14,5,11,9,0,7,N
1,3,0,0,0,4,2,0.3,2,2,1,0.5,6,1,0,7,3,8.3,12.1,1210,0,25,0.1,67.2,100,0.5,1,2,6,0.2,74,87,23,16,44,7.7,36,N
4,13,2,0,3,24,7,0.2,12,2,7,1,37,1,0,36,0,33.1,25.7,21902.7,0.3,161,0,1216.8,851,0.1,6,12,32,0.2,97,124,33,29,61,4.3,46,N
13,26,4,1,1,44,14,0.3,22,2,11,0.8,59,7,0.5,45,0,30.9,42.6,56084.3,0.4,221,0,3115.8,1315.9,0.5,11,22,47,0.2,22,29,10,13,13,0,11,N
1,9,1,0,0,16,5,0.5,8,2,3,0.6,18,1,0,11,0,16.1,14.3,3299,0.1,51,0.1,183.3,230.7,0.2,4,8,15,0.4,89,166,37,28,48,6.5,45,N
1,20,5,2,1,28,12,0.3,14,2,9,0.8,51,7,0.6,43,0,45.6,33.7,51715.9,0.5,255,0,2873.1,1535.7,0.6,7,14,41,0.3,34,61,19,15,31,18.5,27,N
3,13,4,5,0,24,7,0.3,12,2,7,1,27,6,0.8,22,0,36,13.4,6486.5,0.2,95,0.1,360.4,483.3,0.9,6,12,22,0.2,27,44,16,15,54,59.1,19,Y
9,3,1,1,25,4,2,0.1,2,2,2,1,12,1,0,18,0,27.8,12.7,4451.8,0.1,71,0.1,247.3,351.8,0.5,1,2,12,0,95,128,35,29,36,17.7,33,N
1,15,2,5,1,20,9,0.3,10,2,5,0.6,40,4,0.4,28,3,34,39.4,52659.9,0.5,223,0,2925.6,1338,0.4,5,10,33,0.3,167,279,41,29,57,11.4,42,N
12,27,2,3,2,40,15,0.4,18,2.2,8,0.5,63,10,0.6,39,3,46.3,59.1,161452.6,0.9,446,0,8969.6,2733.7,0.7,11,20,50,0.3,183,224,49,30,110,11.7,70,N
18,27,8,2,7,40,16,0.2,20,2,8,0.5,67,5,0.3,68,1,45.8,56,143728.1,0.9,407,0,7984.9,2565.6,0.3,10,20,53,0.2,23,32,9,17,12,0,10,N
1,7,1,0,0,12,4,0.4,6,2,3,0.8,16,1,0,10,0,11.9,21.7,5615.7,0.1,55,0.1,312,258.5,0.3,3,6,14,0.3,8,18,5,11,5,0,4,N
0,3,1,0,0,4,2,0.5,2,2,2,1,6,1,0,4,1,11.8,8.8,915.2,0,26,0.1,50.8,104,0.5,1,2,6,0.4,92,157,27,16,22,0,20,N
1,3,1,0,0,4,2,0.1,2,2,1,0.5,13,1,0,20,0,49.6,27.3,36831.1,0.5,249,0,2046.2,1351.1,0.5,1,2,13,0.1,14,22,9,13,6,0,5,N
0,5,2,0,0,8,3,0.6,4,2,3,1,10,1,0,5,2,15.9,10.1,1623.2,0.1,36,0.1,90.2,160.5,0.3,2,4,9,0.5,59,88,20,25,28,4,24,N
2,20,2,0,1,28,11,0.5,12,2.3,5,0.5,42,11,1,24,3,21.9,36.9,29769.3,0.3,147,0,1653.9,807.3,1,8,14,33,0.4,59,80,23,18,34,11.1,27,N
6,17,2,3,0,32,9,0.3,16,2,2,0.2,36,5,0.5,24,2,32.3,23.1,17192.9,0.3,139,0,955.2,744.7,0.6,8,16,29,0.3,21,27,17,10,38,50,15,N
7,5,6,0,15,8,3,0.2,4,2,3,1,13,1,0,15,0,37,6.2,1409.7,0.1,48,0.2,78.3,228.2,0.3,2,4,12,0.1,21,27,17,10,38,50,15,N
7,5,6,0,15,8,3,0.2,4,2,3,1,13,1,0,15,0,37,6.2,1409.7,0.1,48,0.2,78.3,228.2,0.3,2,4,12,0.1,58,78,24,24,82,29.6,42,N
27,19,1,4,12,26,11,0.3,12,2.2,2,0.2,34,1,0,38,0,26.2,29,22027.1,0.3,136,0,1223.7,759.6,0.1,7,13,25,0.1,15,25,12,11,33,56,11,N
7,3,5,0,14,4,2,0.2,2,2,2,1,9,1,0,11,0,26.3,6.9,1244,0.1,40,0.2,69.1,180.9,0.5,1,2,9,0.1,15,25,12,11,33,56,11,N
7,3,5,0,14,4,2,0.2,2,2,2,1,9,1,0,11,0,26.3,6.9,1244,0.1,40,0.2,69.1,180.9,0.5,1,2,9,0.1,110,129,50,14,102,39.6,32,N
48,5,5,0,21,8,3,0.1,4,2,1,0.3,21,1,0,32,3,93.1,15.4,22083.6,0.5,239,0.1,1226.9,1434,0.3,2,4,20,0,116,136,52,16,102,41.5,32,N
48,5,5,1,21,8,3,0.1,4,2,1,0.3,21,1,0,31,3,86,17.9,27376.7,0.5,252,0.1,1520.9,1534,0.3,2,4,20,0,116,136,50,15,71,46.6,31,N
12,5,6,0,27,8,3,0.1,4,2,1,0.3,22,1,0,31,2,87.2,17.4,26406.9,0.5,252,0.1,1467.1,1517.6,0.3,2,4,21,0,116,136,50,15,71,46.6,31,N
12,5,6,0,27,8,3,0.1,4,2,1,0.3,22,1,0,31,2,87.2,17.4,26406.9,0.5,252,0.1,1467.1,1517.6,0.3,2,4,21,0,116,136,50,15,70,46.6,31,N
11,5,6,0,27,8,3,0.1,4,2,1,0.3,22,1,0,31,2,87.2,17.4,26406.9,0.5,252,0.1,1467.1,1517.6,0.3,2,4,21,0,116,136,50,15,70,46.6,31,N
11,5,6,0,27,8,3,0.1,4,2,1,0.3,22,1,0,31,2,87.2,17.4,26406.9,0.5,252,0.1,1467.1,1517.6,0.3,2,4,21,0,37,49,26,15,59,40.9,26,N
14,9,7,0,18,16,5,0.2,8,2,5,1,23,1,0,26,0,43.2,10.7,4917.6,0.2,86,0.1,273.2,460.8,0.2,4,8,20,0.1,37,49,26,15,59,40.9,26,N
14,9,7,0,18,16,5,0.2,8,2,5,1,23,1,0,26,0,43.2,10.7,4917.6,0.2,86,0.1,273.2,460.8,0.2,4,8,20,0.1,13,18,9,15,13,0,10,N
2,5,0,0,0,8,3,0.3,4,2,1,0.3,9,1,0,10,1,13.1,10.8,1539.8,0.1,31,0.1,85.5,142.1,0.3,2,4,8,0.2,13,18,9,15,13,0,10,N
2,5,0,0,0,8,3,0.3,4,2,1,0.3,9,1,0,10,1,13.1,10.8,1539.8,0.1,31,0.1,85.5,142.1,0.3,2,4,8,0.2,56,69,30,17,44,20,28,N
8,13,6,0,7,20,7,0.3,10,2,7,1,26,5,0.7,28,2,43.8,15.9,11016.6,0.2,125,0.1,612,694.3,0.7,5,10,21,0.2,56,69,30,17,44,20,28,N
8,13,6,0,7,20,7,0.3,10,2,7,1,26,5,0.7,28,2,43.8,15.9,11016.6,0.2,125,0.1,612,694.3,0.7,5,10,21,0.2,231,242,61,14,138,14.6,76,N
48,15,7,0,13,28,8,0.1,14,2,4,0.5,51,1,0,76,0,111.1,26.5,78099.3,1,473,0,4338.9,2946.2,0.1,7,14,45,0.1,231,242,61,14,138,14.6,76,N
48,15,7,0,13,28,8,0.1,14,2,4,0.5,51,1,0,76,0,111.1,26.5,78099.3,1,473,0,4338.9,2946.2,0.1,7,14,45,0.1,21,23,10,12,20,6.7,14,N
4,5,1,0,1,8,3,0.2,4,2,2,0.7,11,1,0,14,1,15.6,12.6,2472.3,0.1,44,0.1,137.4,196.2,0.3,2,4,10,0.2,21,23,10,12,20,6.7,14,N
4,5,1,0,1,8,3,0.2,4,2,2,0.7,11,1,0,14,1,15.6,12.6,2472.3,0.1,44,0.1,137.4,196.2,0.3,2,4,10,0.2,50,60,25,15,38,25,21,N
9,11,5,0,7,16,6,0.3,8,2,6,1,22,5,0.8,21,2,39,15,8781.2,0.2,110,0.1,487.8,585.4,0.8,4,8,18,0.2,50,60,25,15,38,25,21,N
9,11,5,0,7,16,6,0.3,8,2,6,1,22,5,0.8,21,2,39,15,8781.2,0.2,110,0.1,487.8,585.4,0.8,4,8,18,0.2,50,59,25,14,38,25,21,N
9,11,5,0,7,16,6,0.3,8,2,6,1,22,5,0.8,21,2,41.2,14,8065.5,0.2,109,0.1,448.1,576.1,0.8,4,8,18,0.2,50,59,25,14,38,25,21,N
9,11,5,0,7,16,6,0.3,8,2,6,1,22,5,0.8,21,2,41.2,14,8065.5,0.2,109,0.1,448.1,576.1,0.8,4,8,18,0.2,116,138,43,23,120,38,49,N
20,11,10,0,30,18,6,0.1,8,2.3,4,0.7,38,3,0.4,49,1,49.5,31,47629.3,0.5,254,0,2646.1,1535.3,0.5,5,9,34,0.1,116,138,43,23,120,38,49,N
20,11,10,0,30,18,6,0.1,8,2.3,4,0.7,38,3,0.4,49,1,49.5,31,47629.3,0.5,254,0,2646.1,1535.3,0.5,5,9,34,0.1,29,42,16,13,41,34.3,23,N
5,13,2,0,12,16,7,0.3,8,2,4,0.6,19,7,1,23,3,29.3,11.8,4063.6,0.1,71,0.1,225.8,344.9,1,4,8,14,0.2,29,42,16,13,41,34.3,23,N
5,13,2,0,12,16,7,0.3,8,2,4,0.6,19,7,1,23,3,29.3,11.8,4063.6,0.1,71,0.1,225.8,344.9,1,4,8,14,0.2,35,48,23,18,37,35.7,18,N
8,5,3,0,10,6,3,0.2,2,3,2,0.7,11,3,1,18,1,32.5,13.7,6090.1,0.2,83,0.1,338.3,444.7,1,2,3,10,0.1,35,48,23,18,37,35.7,18,N
8,5,3,0,10,6,3,0.2,2,3,2,0.7,11,3,1,18,1,32.5,13.7,6090.1,0.2,83,0.1,338.3,444.7,1,2,3,10,0.1,56,77,37,21,59,22,39,N
8,11,6,0,11,18,6,0.2,8,2.3,4,0.7,24,3,0.4,39,1,49,15.9,12381.6,0.3,133,0.1,687.9,779.1,0.5,5,9,20,0.1,56,77,37,21,59,22,39,N
8,11,6,0,11,18,6,0.2,8,2.3,4,0.7,24,3,0.4,39,1,49,15.9,12381.6,0.3,133,0.1,687.9,779.1,0.5,5,9,20,0.1,56,77,37,21,59,22,39,N
8,11,6,0,11,18,6,0.2,8,2.3,4,0.7,24,3,0.4,39,1,49,15.9,12381.6,0.3,133,0.1,687.9,779.1,0.5,5,9,20,0.1,56,77,37,21,59,22,39,N
8,11,6,0,11,18,6,0.2,8,2.3,4,0.7,24,3,0.4,39,1,49,15.9,12381.6,0.3,133,0.1,687.9,779.1,0.5,5,9,20,0.1,27,36,14,17,23,38.9,11,N
4,3,2,0,7,4,2,0.2,2,2,1,0.5,9,1,0,11,0,19,16.4,5116.5,0.1,63,0.1,284.3,312.1,0.5,1,2,9,0.1,27,36,14,17,23,38.9,11,N
4,3,2,0,7,4,2,0.2,2,2,1,0.5,9,1,0,11,0,19,16.4,5116.5,0.1,63,0.1,284.3,312.1,0.5,1,2,9,0.1,91,112,41,25,90,33.9,45,N
24,21,7,2,20,34,11,0.2,16,2.1,3,0.3,42,8,0.7,43,3,44.2,27.7,34042.1,0.4,203,0,1891.2,1227,0.7,9,17,33,0.1,91,112,41,25,90,33.9,45,N
24,21,7,2,20,34,11,0.2,16,2.1,3,0.3,42,8,0.7,43,3,44.2,27.7,34042.1,0.4,203,0,1891.2,1227,0.7,9,17,33,0.1,46,61,28,18,49,38.9,22,N
12,5,5,0,14,6,3,0.1,2,3,2,0.7,13,3,1,22,1,40,14.8,8738.7,0.2,107,0.1,485.5,591,1,2,3,12,0.1,46,61,28,18,49,38.9,22,N
12,5,5,0,14,6,3,0.1,2,3,2,0.7,13,3,1,22,1,40,14.8,8738.7,0.2,107,0.1,485.5,591,1,2,3,12,0.1,28,33,13,13,32,33.3,16,N
7,5,3,0,8,8,3,0.2,4,2,2,0.7,12,1,0,16,1,20.5,14,4014.2,0.1,61,0.1,223,286.7,0.3,2,4,11,0.1,28,33,13,13,32,33.3,16,N
7,5,3,0,8,8,3,0.2,4,2,2,0.7,12,1,0,16,1,20.5,14,4014.2,0.1,61,0.1,223,286.7,0.3,2,4,11,0.1,23,36,18,18,29,34.8,15,N
5,5,2,0,8,6,3,0.2,2,3,1,0.3,10,3,1,15,1,26.5,11.5,3507.8,0.1,59,0.1,194.9,305,1,2,3,9,0.1,23,36,18,18,29,34.8,15,N
5,5,2,0,8,6,3,0.2,2,3,1,0.3,10,3,1,15,1,26.5,11.5,3507.8,0.1,59,0.1,194.9,305,1,2,3,9,0.1,23,36,18,18,29,34.8,15,N
5,5,2,0,8,6,3,0.2,2,3,1,0.3,10,3,1,15,1,26.5,11.5,3507.8,0.1,59,0.1,194.9,305,1,2,3,9,0.1,23,36,18,18,29,34.8,15,N
5,5,2,0,8,6,3,0.2,2,3,1,0.3,10,3,1,15,1,26.5,11.5,3507.8,0.1,59,0.1,194.9,305,1,2,3,9,0.1,142,183,58,32,146,24.5,83,N
32,39,8,3,23,64,20,0.2,30,2.1,7,0.4,74,15,0.7,80,3,53.9,39.2,82648,0.7,325,0,4591.6,2109.9,0.8,17,32,56,0.1,142,183,58,32,146,24.5,83,N
32,39,8,3,23,64,20,0.2,30,2.1,7,0.4,74,15,0.7,80,3,53.9,39.2,82648,0.7,325,0,4591.6,2109.9,0.8,17,32,56,0.1,142,183,58,33,145,23.8,83,N
32,39,8,3,22,64,20,0.2,30,2.1,7,0.4,74,15,0.7,80,3,52.4,40.4,85440.1,0.7,325,0,4746.7,2115,0.8,17,32,56,0.1,142,183,58,33,145,23.8,83,N
32,39,8,3,22,64,20,0.2,30,2.1,7,0.4,74,15,0.7,80,3,52.4,40.4,85440.1,0.7,325,0,4746.7,2115,0.8,17,32,56,0.1,14,16,10,6,14,18.2,9,N
2,3,0,0,2,4,2,0.2,2,2,1,0.5,5,1,0,9,2,28.6,4.2,504,0,30,0.2,28,120,0.5,1,2,5,0.1,14,16,10,6,14,18.2,9,N
2,3,0,0,2,4,2,0.2,2,2,1,0.5,5,1,0,9,2,28.6,4.2,504,0,30,0.2,28,120,0.5,1,2,5,0.1,122,159,43,28,98,6.2,78,N
16,19,5,2,3,24,12,0.2,12,2,10,0.8,45,1,0,76,0,43.5,39.7,68640.9,0.6,281,0,3813.4,1728.1,0.1,6,12,35,0.1,106,154,35,30,152,12.8,84,N
57,23,5,2,10,32,14,0.2,16,2,6,0.4,51,1,0,82,0,34.5,45.4,71132.8,0.5,260,0,3951.8,1565.8,0.1,8,16,39,0.1,80,102,64,11,164,46,63,N
27,11,13,2,50,20,6,0.1,10,2,4,0.7,35,1,0,61,1,164.9,6.9,7793.8,0.4,182,0.2,433,1133.7,0.2,5,10,31,0,16,24,11,12,30,29.2,17,N
5,5,1,0,7,8,3,0.2,4,2,1,0.3,11,1,0,17,2,20.7,8.7,1579.1,0.1,40,0.1,87.7,180.9,0.3,2,4,10,0.1,45,62,27,14,100,18,36,N
60,10,3,4,3,12,6,0.2,6,2,6,1,20,1,0,32,3,49.1,11.7,6688,0.2,107,0.1,371.6,573.3,0.2,3,6,16,0.1,10,17,8,10,15,0,12,N
2,3,1,0,0,4,2,0.2,2,2,1,0.5,7,1,0,12,0,18,6.3,703.7,0,27,0.2,39.1,112.6,0.5,1,2,7,0.1,12,20,8,11,21,25,12,N
4,5,1,0,4,8,3,0.3,4,2,1,0.3,9,3,1,12,0,16.5,8.3,1121.5,0.1,32,0.1,62.3,135.9,1,2,4,8,0.1,72,105,28,23,117,56.6,44,N
17,15,4,1,55,26,8,0.2,12,2.2,3,0.4,34,3,0.3,43,4,34,29.6,29690.3,0.3,177,0,1649.5,1004,0.4,7,13,28,0.1,24,34,18,12,35,39.3,19,N
6,9,2,2,9,12,5,0.3,6,2,4,0.8,20,1,0,17,1,35.6,8,2276.8,0.1,58,0.1,126.5,284.6,0.2,3,6,17,0.1,171,213,39,30,52,2,50,N
1,36,2,1,0,56,21,0.4,28,2,6,0.3,77,9,0.4,49,4,35.7,65.8,154273.1,0.8,384,0,8570.7,2345.7,0.4,14,28,58,0.4,35,38,19,8,25,0,16,N
8,3,5,0,0,4,2,0.1,2,2,2,1,13,1,0,16,0,47.1,7.4,2557.6,0.1,73,0.1,142.1,347.1,0.5,1,2,13,0.1,86,96,29,20,50,15.8,32,N
11,13,1,0,6,18,7,0.2,6,3,3,0.4,23,6,0.8,32,0,34.5,29.7,30303.9,0.3,182,0,1683.6,1021.9,0.9,6,9,18,0.1,28,29,15,10,21,15.4,11,N
7,5,0,0,2,8,3,0.3,4,2,1,0.3,9,1,0,11,0,28.4,9.3,2470.5,0.1,57,0.1,137.3,264.7,0.3,2,4,8,0.1,135,161,43,16,65,20.4,39,N
15,9,1,0,10,16,5,0.1,8,2,5,1,23,1,0,39,1,69.3,25.1,43734,0.6,296,0,2429.7,1741.3,0.2,4,8,20,0.1,23,25,9,9,14,0,9,N
4,3,0,0,0,4,2,0.2,2,2,1,0.5,7,1,0,9,1,17.4,11.5,2301.8,0.1,48,0.1,127.9,200.2,0.5,1,2,7,0.1,84,101,36,21,43,18.2,27,N
9,11,2,0,6,20,6,0.2,10,2,5,0.8,26,1,0,27,0,44,24.5,26437.6,0.4,185,0,1468.8,1079.1,0.2,5,10,22,0.1,60,84,31,20,32,0,22,N
9,15,4,0,0,14,8,0.4,4,3.5,2,0.3,24,7,0.9,22,2,42.2,19.4,15809.6,0.3,144,0.1,878.3,816.8,0.9,5,9,18,0.3,67,75,21,14,43,10,27,N
12,9,1,0,3,16,5,0.2,8,2,3,0.6,21,1,0,27,0,32.6,22.3,16266.7,0.2,142,0,903.7,728.4,0.2,4,8,18,0.1,31,45,15,13,41,23.3,23,N
10,9,4,0,7,16,5,0.2,8,2,5,1,20,1,0,23,0,27.2,13.4,4908,0.1,76,0.1,272.7,365.4,0.2,4,8,17,0.1,108,146,39,20,61,0,43,N
17,25,1,0,0,38,13,0.3,14,2.7,7,0.5,35,12,0.9,43,2,54,27.7,41377.6,0.5,254,0,2298.8,1494.2,0.9,12,19,24,0.2,82,104,43,14,61,2.3,43,Y
16,17,5,0,1,28,9,0.2,12,2.3,7,0.8,36,7,0.8,43,1,81.3,13.4,14482.4,0.4,186,0.1,804.6,1084.9,0.8,8,14,29,0.2,12,14,7,7,14,22.2,7,N
4,3,1,0,2,4,2,0.3,2,2,2,1,6,1,0,7,0,16.5,6,594,0,26,0.2,33,99,0.5,1,2,6,0.1,24,36,18,14,25,0,16,Y
8,5,2,0,0,8,3,0.2,4,2,3,1,9,1,0,16,0,32.1,9.3,2800,0.1,60,0.1,155.6,300,0.3,2,4,8,0.1,68,108,38,19,59,12.8,34,Y
19,11,7,0,5,18,6,0.2,8,2.3,6,1,26,6,1,34,0,60.4,17,17452,0.3,176,0.1,969.6,1026.6,1,5,9,22,0.1,96,148,42,19,65,13.6,38,Y
20,11,8,0,6,18,6,0.2,8,2.3,6,1,28,6,1,38,0,66.6,21.7,31422.7,0.5,244,0.1,1745.7,1447.1,1,5,9,24,0.1,31,43,21,11,38,0,22,Y
15,5,4,0,0,8,3,0.1,4,2,3,1,14,1,0,22,0,45.6,8.1,3004.1,0.1,74,0.1,166.9,370,0.3,2,4,13,0.1,22,32,17,16,22,0,13,N
8,3,2,0,0,4,2,0.2,2,2,2,1,7,1,0,13,1,26.3,10.4,2820.1,0.1,54,0.1,156.7,272.4,0.5,1,2,7,0.1,92,151,54,34,107,0,79,N
27,25,20,0,0,4,23,0.3,2,2,22,1,51,1,0,79,1,54.2,29,45461.5,0.5,243,0,2525.6,1569.6,0,1,2,30,0.2,15,17,9,8,12,11.1,8,N
2,3,2,0,1,4,2,0.3,2,2,2,1,7,1,0,8,0,19.6,6.7,872,0,32,0.2,48.4,130.8,0.5,1,2,7,0.2,150,164,60,16,94,22.7,58,Y
18,11,8,0,17,18,6,0.1,8,2.3,3,0.5,25,1,0,58,0,98.1,20,39237,0.7,314,0.1,2179.8,1961.9,0.2,5,9,21,0.1,196,244,70,20,81,20.6,50,N
17,5,3,0,13,8,3,0.1,4,2,2,0.7,17,1,0,50,0,102,28,79979.6,1,440,0,4443.3,2856.4,0.3,2,4,16,0,140,186,63,23,77,14,49,N
19,19,7,0,8,36,10,0.2,18,2,10,1,45,3,0.2,49,1,82,25.6,53537.9,0.7,326,0,2974.3,2095,0.3,9,18,37,0.1,36,57,23,20,33,8.3,24,N
8,11,5,2,0,8,7,0.3,2,4,5,0.7,18,4,0.5,22,0,32.2,15.7,7898.8,0.2,93,0.1,438.8,504.6,0.6,3,4,13,0.2,18,25,11,12,19,0,12,N
6,3,1,0,0,4,2,0.2,2,2,2,1,6,1,0,12,1,19.8,9.8,1909.8,0.1,43,0.1,106.1,194.5,0.5,1,2,6,0.1,136,188,61,28,69,10.2,44,N
19,21,8,0,5,36,11,0.3,16,2.3,8,0.7,44,3,0.2,44,1,67.2,31.2,65489.4,0.7,324,0,3638.3,2098.1,0.3,10,18,35,0.2,41,57,23,11,50,11.1,32,N
13,17,6,0,4,32,9,0.3,16,2,7,0.8,34,1,0,32,1,50.9,9.8,4888.2,0.2,98,0.1,271.6,498.6,0.1,8,16,27,0.2,143,192,65,25,74,13.2,46,N
20,19,8,0,7,36,10,0.2,18,2,9,0.9,44,3,0.2,46,1,79.1,27.5,59806.2,0.7,335,0,3322.6,2174.8,0.3,9,18,36,0.1,14,21,12,12,19,0,11,N
7,3,1,0,0,4,2,0.2,2,2,2,1,6,1,0,11,1,22.9,7,1123.3,0.1,35,0.1,62.4,160.5,0.5,1,2,6,0.1,39,52,21,14,31,0,19,N
11,7,2,0,0,12,4,0.2,6,2,4,1,14,1,0,19,1,35.9,13,6067.9,0.2,91,0.1,337.1,466.8,0.3,3,6,12,0.1,57,79,26,14,44,0,29,N
14,17,2,0,0,24,9,0.3,8,3,5,0.6,24,9,1,29,1,47.2,15.4,11107.3,0.2,136,0.1,617.1,723.8,1,8,12,17,0.2,39,52,21,14,31,0,19,N
11,7,2,0,0,12,4,0.2,6,2,4,1,14,1,0,19,1,35.9,13,6067.9,0.2,91,0.1,337.1,466.8,0.3,3,6,12,0.1,50,65,23,18,37,20,20,N
11,17,2,0,5,24,9,0.5,8,3,4,0.4,26,9,1,20,0,31.5,19.6,12054.5,0.2,115,0.1,669.7,616.1,1,8,12,19,0.2,17,24,14,10,21,0,12,Y
8,3,2,0,0,4,2,0.2,2,2,2,1,7,1,0,12,0,31,6.1,1141.3,0.1,41,0.2,63.4,188,0.5,1,2,7,0.1,18,29,14,10,22,0,14,Y
7,5,2,0,0,8,3,0.2,4,2,3,1,9,1,0,14,0,33.5,6.4,1385.3,0.1,47,0.2,77,215.5,0.3,2,4,8,0.1,41,59,25,17,35,0,22,Y
12,9,2,0,0,14,5,0.2,6,2.3,4,0.8,15,5,1,22,1,38.7,13.9,7516.9,0.2,100,0.1,417.6,539.2,1,4,7,12,0.1,41,59,24,17,36,0,22,Y
13,9,2,0,0,14,5,0.2,6,2.3,4,0.8,15,5,1,22,1,36.9,14.5,7779.6,0.2,100,0.1,432.2,535.8,1,4,7,12,0.1,68,93,33,15,45,40.6,19,N
12,5,2,0,13,8,3,0.2,4,2,2,0.7,16,1,0,19,1,58.2,15.5,13896.4,0.3,161,0.1,772,899.2,0.3,2,4,15,0.1,16,23,14,11,23,6.7,14,N
7,5,1,0,1,8,3,0.2,4,2,1,0.3,11,1,0,14,1,28.8,6.3,1138.4,0.1,39,0.2,63.2,181.1,0.3,2,4,10,0.1,59,89,34,18,63,15,35,N
22,13,12,1,5,22,7,0.2,10,2.2,7,1,37,5,0.7,34,0,54,15.6,13176.1,0.3,148,0.1,732,843.7,0.7,6,11,32,0.1,109,138,39,16,64,0,44,N
19,15,3,0,0,28,8,0.2,14,2,8,1,40,6,0.7,44,0,63.9,22.4,31928.5,0.5,247,0,1773.8,1428,0.8,7,14,34,0.1,110,137,41,25,60,7,40,N
16,17,3,0,3,32,9,0.2,16,2,5,0.6,41,1,0,40,0,44.5,33.5,50069,0.5,247,0,2781.6,1493,0.1,8,16,34,0.2,44,57,27,15,36,0,23,Y
12,7,1,0,0,12,4,0.2,6,2,4,1,12,1,0,23,1,44.6,12.2,6656.5,0.2,101,0.1,369.8,544.6,0.3,3,6,10,0.1,26,34,18,14,26,11.8,15,N
8,5,2,0,2,8,3,0.2,4,2,3,1,12,1,0,15,3,29.7,10.1,3033.3,0.1,60,0.1,168.5,300,0.3,2,4,11,0.1,157,328,69,25,203,29.7,117,N
37,48,0,1,48,80,27,0.2,40,2,1,0,93,13,0.5,116,4,111.8,28.4,90416.5,1.1,485,0,5023.1,3179,0.5,20,40,68,0.1,67,111,23,23,48,10.9,46,N
1,16,0,5,0,12,12,0.3,6,2,1,0.1,34,6,0.5,41,4,29.4,33.5,32937,0.3,178,0,1829.8,983.2,0.5,3,6,24,0.3,14,18,8,11,9,0,7,N
1,7,0,0,0,12,4,0.6,6,2,1,0.3,12,4,1,7,2,14.1,9.6,1308.4,0.1,32,0.1,72.7,135.9,1,3,6,10,0.4,515,492,29,13,108,2.8,106,N
1,95,3,3,0,188,48,0.5,94,2,2,0,238,1,0,103,0,47,115.4,626797.9,1.8,1007,0,34822.1,5430.1,0,47,94,192,0.4,29,34,11,13,12,9.1,11,N
0,9,0,1,0,16,5,0.5,8,2,1,0.2,17,3,0.5,10,2,16.9,17.1,4949.9,0.1,63,0.1,275,288.9,0.6,4,8,14,0.4,20,20,10,9,9,0,7,N
1,5,0,0,0,8,3,0.4,4,2,1,0.3,9,1,0,7,2,18.9,9,1529.3,0.1,40,0.1,85,169.9,0.3,2,4,8,0.3,30,39,15,16,21,5.3,19,N
1,11,4,1,0,18,6,0.3,8,2.3,4,0.7,20,6,1,18,1,21.4,16,5469.4,0.1,69,0.1,303.9,341.8,1,5,9,16,0.3,27,32,14,14,20,15.8,16,N
0,7,3,0,3,12,4,0.3,6,2,3,0.8,19,1,0,16,0,21,13.5,3829.1,0.1,59,0.1,212.7,283.6,0.3,3,6,17,0.2,45,50,9,18,27,0,24,N
2,15,1,0,0,24,8,0.3,10,2.4,2,0.3,27,7,0.9,24,3,10,45,20327.1,0.2,95,0,1129.3,451.7,0.9,7,12,21,0.3,33,41,12,17,19,0,17,N
1,11,2,0,0,16,6,0.4,6,2.7,3,0.5,20,6,1,17,3,15.4,23.4,8403.1,0.1,74,0,466.8,359.5,1,5,8,16,0.3,37,42,14,11,18,0,16,N
1,9,0,0,0,16,5,0.3,8,2,1,0.2,19,1,0,16,1,25.2,14.5,5332.6,0.1,79,0.1,296.3,366.9,0.2,4,8,16,0.3,58,64,18,13,32,0,29,N
2,13,4,0,0,24,7,0.2,12,2,2,0.3,30,3,0.3,29,1,28.9,20.9,12659.1,0.2,122,0.1,703.3,604.4,0.4,6,12,25,0.2,512,567,83,18,216,0,199,N
16,115,5,0,0,212,58,0.3,98,2.2,2,0,262,1,0,199,0,129.4,55.5,398853.5,2.4,1079,0,22158.5,7184.2,0,57,106,206,0.3,28,32,10,15,18,0,16,N
1,7,1,0,0,12,4,0.3,6,2,1,0.3,15,1,0,16,1,13.3,21,5851.3,0.1,60,0.1,325.1,278.6,0.3,3,6,13,0.2,4,7,4,4,9,0,6,N
2,3,2,0,0,4,2,0.3,2,2,2,1,7,1,0,6,0,16.5,2,66,0,11,0.5,3.7,33,0.5,1,2,7,0.2,101,148,17,13,58,0,52,N
5,49,0,0,0,56,25,0.5,16,3.5,1,0,65,25,1,52,4,31.6,38.6,47183.7,0.4,249,0,2621.3,1221.8,1,20,28,42,0.4,7,7,4,7,5,0,4,N
0,3,0,0,0,4,2,0.5,2,2,1,0.5,6,1,0,4,1,7.9,6.1,296.7,0,14,0.2,16.5,48.4,0.5,1,2,6,0.4,16,26,8,11,23,0,21,N
1,7,0,0,0,12,4,0.2,6,2,1,0.3,14,1,0,21,2,16.2,11,1962.5,0.1,42,0.1,109,178.4,0.3,3,6,12,0.2,6,7,3,7,5,0,4,N
0,3,1,0,0,4,2,0.5,2,2,2,1,7,1,0,4,0,6.2,7,302.3,0,13,0.1,16.8,43.2,0.5,1,2,7,0.4,69,85,20,17,32,0,31,N
0,17,2,0,0,26,9,0.3,10,2.6,2,0.2,30,3,0.3,31,6,27.4,29.3,23526.2,0.3,154,0,1307,802.3,0.3,8,13,23,0.3,40,51,9,16,17,18.8,16,N
0,5,0,3,0,8,1,0.1,4,2,1,1,12,1,0,13,0,11.9,35.6,15025.5,0.1,91,0,834.8,422.6,1,2,4,11,0.1,21,28,9,12,17,7.7,12,N
3,3,0,0,1,4,2,0.2,2,2,1,0.5,5,1,0,12,1,15.4,14,3013.1,0.1,49,0.1,167.4,215.2,0.5,1,2,5,0.1,50,70,15,19,39,32.3,26,N
7,13,2,5,5,24,7,0.3,12,2,3,0.4,30,1,0,21,0,19.3,31.7,19332.4,0.2,120,0,1074,610.5,0.1,6,12,25,0.2,209,285,70,34,225,43.7,128,Y
34,37,4,21,62,72,19,0.2,36,2,3,0.2,90,1,0,107,0,65.2,50.8,168007,1.1,494,0,9333.7,3310,0.1,18,36,73,0.1,111,137,38,23,99,50.7,48,Y
23,5,4,11,27,8,3,0.1,4,2,2,0.7,25,1,0,37,0,43.8,33.6,49408,0.5,248,0,2744.9,1470.8,0.3,2,4,24,0,36,53,16,21,38,32.1,21,N
9,9,1,2,7,16,5,0.2,8,2,1,0.2,20,1,0,19,0,19.6,23.6,10953.5,0.2,89,0,608.5,463.6,0.2,4,8,17,0.1,126,192,66,29,167,40.7,91,Y
31,17,4,11,44,30,9,0.1,14,2.1,2,0.2,44,3,0.3,80,0,75.5,27.7,57833.2,0.7,318,0,3213,2089.2,0.3,8,15,37,0.1,39,49,15,21,17,0,13,N
3,7,2,0,0,12,4,0.3,6,2,3,0.8,14,1,0,13,3,16.7,27.3,12420.2,0.2,88,0,690,455,0.3,3,6,12,0.2,18,24,8,11,14,0,12,N
1,5,4,0,0,8,3,0.3,4,2,2,0.7,13,1,0,12,2,14.4,12.4,2207.9,0.1,42,0.1,122.7,178.4,0.3,2,4,12,0.2,161,289,37,24,65,1.6,63,N
1,84,0,1,0,140,47,0.8,68,2.1,1,0,153,5,0.1,62,0,51.1,52.2,139356.3,0.9,450,0,7742,2668.8,0.1,36,70,108,0.7,104,109,36,13,35,0,30,N
4,25,1,0,0,48,13,0.4,24,2,13,1,71,1,0,30,0,63.7,18.8,22457,0.4,213,0.1,1247.6,1195.9,0.1,12,24,60,0.4,122,146,67,19,65,0,37,N
5,29,6,0,0,56,15,0.4,28,2,15,1,66,14,0.9,37,0,99.6,17.3,29792.2,0.6,268,0.1,1655.1,1722.2,0.9,14,28,53,0.2,8,16,7,11,10,0,8,N
1,3,2,0,0,4,2,0.3,2,2,2,1,7,1,0,8,0,15.9,6.3,629.1,0,24,0.2,35,100.1,0.5,1,2,7,0.2,47,78,20,22,21,0,19,N
1,17,4,0,0,30,9,0.5,14,2.1,4,0.4,36,9,1,19,0,26.1,25.9,17423.9,0.2,125,0,968,674,1,8,15,29,0.4,7,10,6,8,7,44.4,6,N
2,3,2,1,3,4,2,0.3,2,2,2,1,5,1,0,5,0,13.9,4.7,302.1,0,17,0.2,16.8,64.7,0.5,1,2,5,0.3,7,10,6,8,7,20,5,N
1,3,2,1,0,4,2,0.4,2,2,2,1,5,1,0,4,0,13.9,4.7,302.1,0,17,0.2,16.8,64.7,0.5,1,2,5,0.3,428,523,122,34,161,6.3,141,N
16,110,19,6,3,196,57,0.4,92,2.1,43,0.8,247,42,0.7,135,0,116.2,59.6,413206.3,2.3,951,0,22955.9,6928.4,0.7,52,98,192,0.4,11,17,7,13,10,0,8,N
1,5,1,0,0,8,3,0.4,4,2,2,0.7,10,3,1,8,0,11.9,10.2,1236.1,0,28,0.1,68.7,121,1,2,4,9,0.3,14,24,4,12,14,0,11,N
2,9,0,0,0,16,5,0.5,8,2,1,0.2,18,4,0.8,11,0,7.2,21,3192,0.1,38,0.1,177.3,152,0.8,4,8,15,0.4,14,22,9,10,20,25,12,N
3,5,0,0,4,6,3,0.3,2,3,1,0.3,8,3,1,12,0,19.7,7.8,1189.4,0.1,36,0.1,66.1,152.9,1,2,3,7,0.2,25,41,15,14,39,29.2,19,N
14,9,6,2,5,16,5,0.3,8,2,5,1,22,1,0,17,0,27.5,11.7,3740.7,0.1,66,0.1,207.8,320.6,0.2,4,8,19,0.1,46,61,25,16,25,15.8,17,N
5,3,3,1,2,4,2,0.1,2,2,2,1,9,1,0,16,0,38.9,14.7,8438.4,0.2,107,0.1,468.8,573.3,0.5,1,2,9,0.1,11,16,8,8,15,10,9,N
4,7,3,0,1,12,4,0.4,6,2,4,1,13,1,0,9,0,19.6,5.5,594,0,27,0.2,33,108,0.3,3,6,11,0.3,36,50,22,18,69,30,15,Y
7,7,3,1,5,10,4,0.3,4,2.5,2,0.5,13,3,0.7,14,0,31.1,14.7,6740.5,0.2,86,0.1,374.5,457.7,0.8,3,5,11,0.1,53,67,25,16,60,20,32,N
19,13,2,0,8,22,7,0.2,10,2.2,3,0.4,24,1,0,32,0,37.9,17,10903.7,0.2,120,0.1,605.8,642.9,0.1,6,11,19,0.1,102,168,68,30,109,22.1,69,N
31,18,8,9,8,24,11,0.2,12,2,7,0.6,48,1,0,60,0,79.4,22.5,40184.4,0.6,270,0,2232.5,1786,0.1,6,12,39,0.1,36,50,22,18,54,33.3,15,Y
8,7,3,1,6,10,4,0.3,4,2.5,2,0.5,13,3,0.7,14,0,31.1,14.7,6740.5,0.2,86,0.1,374.5,457.7,0.8,3,5,11,0.1,47,66,29,25,74,32.3,23,Y
9,9,4,2,8,10,5,0.2,4,2.5,3,0.6,18,4,0.8,21,0,32.1,20.3,13174.2,0.2,113,0.1,731.9,650.3,0.8,3,5,15,0.1,7,15,6,10,8,14.3,7,N
0,3,1,1,0,4,2,0.3,2,2,1,0.5,7,1,0,6,0,15.1,5.8,513.3,0,22,0.2,28.5,88,0.5,1,2,7,0.3,20,22,16,12,18,15.4,12,N
4,3,1,1,1,4,2,0.2,2,2,2,1,8,1,0,11,0,26.9,7.5,1514.3,0.1,42,0.1,84.1,201.9,0.5,1,2,8,0.1,11,10,7,10,10,0,5,N
4,3,1,0,0,4,2,0.4,2,2,2,1,7,1,0,5,0,10.9,7.9,674.4,0,21,0.1,37.5,85.8,0.5,1,2,7,0.2,11,13,7,12,8,0,5,N
2,3,1,0,0,4,2,0.4,2,2,2,1,7,1,0,5,0,10.8,9.4,961.3,0,24,0.1,53.4,102,0.5,1,2,7,0.3,75,116,44,25,61,8,49,Y
10,12,7,3,1,4,9,0.2,2,2,8,0.9,28,1,0,46,0,54.8,21.3,24859.3,0.4,191,0.1,1381.1,1166.7,0.1,1,2,21,0.2,34,51,24,14,42,21.4,23,N
13,11,7,1,5,16,6,0.3,6,2.7,4,0.7,25,5,0.8,22,0,45,9.9,4423.6,0.2,85,0.1,245.8,446.1,0.8,5,8,21,0.1,10,16,8,13,8,0,5,N
2,3,1,0,0,4,2,0.4,2,2,2,1,5,1,0,5,0,14.1,8.1,927.9,0,26,0.1,51.6,114.2,0.5,1,2,5,0.3,79,107,36,28,50,21.1,32,Y
11,11,4,2,6,20,6,0.2,10,2,5,0.8,27,1,0,30,1,36.3,30.7,34286,0.4,186,0,1904.8,1116,0.2,5,10,23,0.1,27,42,15,13,21,13.3,13,N
5,3,3,0,2,4,2,0.2,2,2,2,1,9,1,0,13,1,28.4,11.7,3881,0.1,69,0.1,215.6,331.7,0.5,1,2,9,0.1,46,80,21,15,28,0,21,N
6,5,3,0,0,8,3,0.1,4,2,3,1,15,1,0,21,2,39.7,16.4,10701.7,0.2,126,0.1,594.5,651.4,0.3,2,4,14,0.1,7,11,6,9,10,0,8,N
1,3,1,0,0,4,2,0.3,2,2,1,0.5,7,1,0,8,1,13.4,5.3,369.2,0,18,0.2,20.5,70.3,0.5,1,2,7,0.2,16,19,7,12,14,0,10,N
3,7,0,0,0,10,4,0.4,4,2.5,1,0.3,12,3,0.7,10,1,10.8,13.7,2039,0.1,35,0.1,113.3,148.7,0.8,3,5,10,0.3,47,61,30,18,42,12.5,31,Y
9,13,3,3,1,24,7,0.2,12,2,4,0.6,30,4,0.5,28,3,42.8,14.1,8504.8,0.2,108,0.1,472.5,603.2,0.6,6,12,25,0.2,123,181,42,31,122,10.1,81,N
32,24,2,1,8,14,19,0.2,6,2.3,18,1,58,1,0,80,1,41.5,45.4,85416,0.6,304,0,4745.3,1881.7,0.1,4,7,41,0.2,11,18,8,9,16,0,12,N
3,3,2,0,0,4,2,0.2,2,2,2,1,8,1,0,12,1,19.2,6.2,733.4,0,29,0.2,40.8,118.5,0.5,1,2,8,0.1,16,25,8,11,22,12.5,15,N
5,5,3,1,1,8,3,0.2,4,2,3,1,14,1,0,14,0,15.8,11,1915.8,0.1,41,0.1,106.4,174.2,0.3,2,4,13,0.1,61,62,20,8,38,18.5,22,N
10,5,0,0,5,8,3,0.1,4,2,1,0.3,11,1,0,22,0,48.5,12.2,7213.9,0.2,123,0.1,400.8,591.3,0.3,2,4,10,0.1,47,61,36,14,46,10.8,33,N
8,11,2,0,4,18,6,0.2,8,2.3,4,0.7,23,5,0.8,33,2,66.7,9.1,5570.5,0.2,108,0.1,309.5,609.5,0.8,5,9,19,0.1,72,105,19,22,46,29.7,28,N
8,13,2,2,9,22,7,0.3,10,2.2,2,0.3,28,3,0.3,26,2,22.8,41.7,39528.6,0.3,177,0,2196,948.3,0.4,6,11,23,0.2,12,19,5,12,10,0,8,N
1,7,0,0,0,10,4,0.5,4,2.5,1,0.3,12,3,0.7,8,2,8.8,14.4,1824.6,0,31,0.1,101.4,126.7,0.8,3,5,10,0.4,73,94,30,23,84,45,35,N
23,13,7,2,25,22,7,0.2,10,2.2,6,0.9,31,3,0.3,33,1,34.2,28,26767.8,0.3,167,0,1487.1,956.6,0.4,6,11,26,0.1,35,49,15,16,16,0,13,N
2,5,1,0,0,8,3,0.2,4,2,1,0.3,13,1,0,13,1,22.3,18.7,7768.2,0.1,84,0.1,431.6,416.2,0.3,2,4,12,0.2,40,84,21,17,34,30.4,18,N
10,13,2,2,5,22,7,0.4,10,2.2,3,0.4,22,1,0,16,3,40.2,16.2,10535.8,0.2,124,0.1,585.3,650.7,0.1,6,11,17,0.2,22,28,12,11,23,6.7,14,N
7,3,2,0,1,4,2,0.1,2,2,1,0.5,8,1,0,14,0,22.4,10.1,2280.6,0.1,50,0.1,126.7,226.2,0.5,1,2,8,0.1,63,95,25,23,70,31.1,33,N
24,7,4,2,12,12,4,0.1,6,2,4,1,22,1,0,31,2,30.5,29,25572.7,0.3,158,0,1420.7,882.4,0.3,3,6,20,0.1,16,25,10,13,19,0,13,N
5,7,0,0,0,10,4,0.3,4,2.5,1,0.3,12,4,1,13,2,17.8,10.4,1928.9,0.1,41,0.1,107.2,185.5,1,3,5,10,0.2,62,67,27,14,49,22.9,30,N
13,11,3,3,5,20,6,0.2,10,2,3,0.5,25,1,0,27,0,43,16.1,11109.2,0.2,129,0.1,617.2,691.1,0.2,5,10,21,0.1,56,78,31,12,23,0,19,N
3,5,2,0,0,8,3,0.2,4,2,3,1,13,1,0,19,2,67.1,10.8,7881,0.2,134,0.1,437.8,727.1,0.3,2,4,12,0.1,161,217,66,22,130,34,69,N
26,25,6,1,34,44,13,0.2,20,2.2,8,0.6,60,7,0.5,68,5,91,26.8,65518,0.8,378,0,3639.9,2441.7,0.5,12,22,49,0.1,54,82,34,18,69,13.6,51,N
9,15,3,0,8,28,8,0.2,14,2,4,0.5,29,5,0.6,51,4,54.2,14.3,11081.7,0.3,136,0.1,615.7,775.3,0.6,7,14,23,0.1,41,56,19,13,20,31.3,13,N
3,3,5,2,3,4,2,0.2,2,2,2,1,10,1,0,11,1,34.6,14,6802.8,0.2,97,0.1,377.9,485,0.5,1,2,10,0.1,10,16,6,10,10,0,8,N
1,3,0,0,0,4,2,0.3,2,2,1,0.5,6,1,0,8,0,12.5,8.3,866.7,0,26,0.1,48.2,104,0.5,1,2,6,0.2,22,25,9,6,18,21.4,12,N
3,3,0,1,2,4,2,0.2,2,2,1,0.5,6,1,0,11,2,25,7.3,1346.6,0.1,47,0.1,74.8,183.6,0.5,1,2,6,0.1,43,64,21,16,28,8.3,23,N
3,5,4,1,1,8,3,0.1,4,2,3,1,12,3,1,22,4,34,16.4,9130.9,0.2,107,0.1,507.3,557.4,1,2,4,11,0.1,43,67,21,12,33,3.6,27,N
4,5,4,0,1,8,3,0.1,4,2,3,1,12,1,0,27,4,45.2,12.3,6817.1,0.2,110,0.1,378.7,554.9,0.3,2,4,11,0.1,185,258,71,21,120,22.1,83,N
15,25,8,2,21,46,13,0.2,22,2.1,8,0.6,61,7,0.5,81,4,105.6,27.4,79066.3,1,443,0,4392.6,2889.9,0.5,12,23,50,0.1,116,141,47,20,108,27.8,54,N
35,15,10,2,18,26,8,0.2,12,2.2,7,0.9,41,4,0.4,52,3,63.2,24.7,38477.1,0.5,257,0,2137.6,1559,0.5,7,13,35,0.1,20,37,14,15,26,0,21,N
4,7,2,0,0,12,4,0.2,6,2,2,0.5,14,1,0,21,3,25.8,10.7,2966.8,0.1,57,0.1,164.8,276.9,0.3,3,6,12,0.2,41,49,14,14,32,9.5,21,N
10,9,3,2,0,14,5,0.2,6,2.3,3,0.6,17,3,0.5,19,3,21.1,20.5,8869.6,0.1,90,0.1,492.8,432.7,0.6,4,7,14,0.2,39,53,18,13,22,0,18,N
3,9,1,0,0,16,5,0.3,8,2,2,0.4,20,1,0,18,3,32.4,14.1,6419,0.2,92,0.1,356.6,455.8,0.2,4,8,17,0.2,59,93,33,16,27,69.1,21,N
4,9,3,0,47,16,5,0.2,8,2,5,1,19,1,0,21,5,59.7,14.3,12206.7,0.3,152,0.1,678.2,853.4,0.2,4,8,16,0.2,28,45,16,18,19,7.7,12,N
5,7,2,0,1,10,4,0.3,4,2.5,2,0.5,13,3,0.7,12,2,23.6,15.8,5849.3,0.1,73,0.1,325,371.4,0.8,3,5,11,0.2,25,50,12,16,22,0,14,N
7,7,1,0,0,12,4,0.3,6,2,2,0.5,16,1,0,14,2,21.6,16.7,6009.2,0.1,75,0.1,333.8,360.6,0.3,3,6,14,0.2,86,125,52,27,102,25,57,N
25,13,15,0,19,12,9,0.2,6,2,9,1,38,1,0,57,0,59.6,22.3,29697,0.4,211,0,1649.8,1330.1,0.1,3,6,31,0.1,4,13,3,6,13,0,11,N
1,3,0,0,0,4,2,0.2,2,2,1,0.5,6,1,0,11,0,13.5,4,215.6,0,17,0.3,12,53.9,0.5,1,2,6,0.2,20,26,12,15,20,23.5,14,Y
2,5,2,1,3,8,3,0.2,4,2,1,0.3,12,1,0,13,1,17.5,12.5,2734.1,0.1,46,0.1,151.9,218.7,0.3,2,4,11,0.2,255,439,65,38,77,0,75,N
1,107,7,0,0,198,54,0.7,92,2.2,24,0.4,219,25,0.5,75,0,62.3,74.5,345890.6,1.6,694,0,19216.2,4640.4,0.5,53,99,167,0.7,181,288,61,37,69,0,67,N
1,73,6,0,0,134,37,0.6,62,2.2,18,0.5,143,18,0.5,67,0,56.5,54.9,170295.9,1,469,0,9460.9,3102.3,0.5,36,67,108,0.5,23,37,15,9,28,40.9,15,N
5,3,6,2,7,4,2,0.1,2,2,2,1,13,1,0,13,0,39.9,6.9,1898.2,0.1,60,0.1,105.5,275.1,0.5,1,2,13,0.1,81,143,39,19,106,49.4,52,N
24,7,2,11,29,12,4,0.1,6,2,1,0.3,28,1,0,41,0,66.5,19.7,25890.5,0.4,224,0.1,1438.4,1312.2,0.3,3,6,26,0,125,169,63,29,195,58.6,74,Y
49,21,14,14,71,40,11,0.2,20,2,8,0.7,63,1,0,60,0,66.7,28.8,55178.5,0.6,294,0,3065.5,1917.9,0.1,10,20,54,0.1,42,52,15,17,44,14.3,21,N
2,15,4,3,0,20,9,0.4,10,2,7,0.8,33,4,0.4,18,0,19.8,23.8,11186,0.2,94,0,621.4,470,0.4,5,10,26,0.2,34,35,19,11,25,6.7,14,N
9,5,3,0,1,8,3,0.2,4,2,2,0.7,14,1,0,14,0,34.4,9.8,3332.3,0.1,69,0.1,185.1,338.6,0.3,2,4,13,0.1,19,26,7,14,12,0,9,N
2,7,1,0,0,12,4,0.4,6,2,2,0.5,14,3,0.7,9,0,10.4,19,3755.4,0.1,45,0.1,208.6,197.7,0.8,3,6,12,0.3,50,62,19,16,21,0,17,N
3,13,5,0,0,24,7,0.4,12,2,6,0.9,32,6,0.8,17,0,27.3,21.1,12094.3,0.2,112,0.1,671.9,574.5,0.9,6,12,27,0.3,41,42,14,9,13,0,11,N
1,7,2,0,0,12,4,0.4,6,2,4,1,16,1,0,11,0,28.5,13.2,4948,0.1,83,0.1,274.9,375.5,0.3,3,6,14,0.3,35,42,11,15,15,0,11,N
3,9,5,0,0,16,5,0.5,8,2,4,0.8,21,3,0.5,11,0,15.2,23.9,8637.1,0.1,77,0,479.8,361.9,0.6,4,8,18,0.3,37,37,11,10,20,0,16,N
3,11,0,0,0,20,6,0.4,10,2,1,0.2,24,1,0,16,0,19.3,16.8,5466.4,0.1,74,0.1,303.7,325,0.2,5,10,20,0.3,32,52,17,14,27,4.2,24,N
2,11,3,1,0,16,6,0.3,6,2.7,4,0.7,19,6,1,23,0,31.6,13.2,5483.4,0.1,84,0.1,304.6,416.2,1,5,8,15,0.2,25,45,12,12,19,0,16,N
2,3,0,0,0,4,2,0.1,2,2,1,0.5,5,1,0,16,0,25.7,12.5,4011.8,0.1,70,0.1,222.9,321,0.5,1,2,5,0.1,30,54,14,12,21,0,18,N
2,3,0,0,0,4,2,0.1,2,2,1,0.5,5,1,0,18,0,30.7,12.9,5076.5,0.1,84,0.1,282,394.8,0.5,1,2,5,0.1,15,21,9,10,15,0,12,N
2,5,3,0,0,8,3,0.3,4,2,3,1,10,1,0,12,0,18.4,8.3,1274.4,0.1,36,0.1,70.8,152.9,0.3,2,4,9,0.2,15,21,9,10,14,0,11,N
2,5,3,0,0,8,3,0.3,4,2,3,1,10,1,0,11,0,18.4,8.3,1274.4,0.1,36,0.1,70.8,152.9,0.3,2,4,9,0.2,43,73,17,20,25,0,23,N
1,11,0,0,0,20,6,0.3,10,2,1,0.2,23,6,1,23,0,23.9,25.3,15285.2,0.2,116,0,849.2,604.3,1,5,10,19,0.2,39,58,28,20,42,0,37,N
4,11,1,0,0,20,6,0.2,10,2,2,0.3,21,1,0,37,2,38.9,13.9,7545.7,0.2,97,0.1,419.2,541.7,0.2,5,10,17,0.1,44,56,27,16,45,8.1,34,N
7,7,4,0,3,4,5,0.2,2,2,5,1,14,1,0,34,1,41.6,13,7074.2,0.2,100,0.1,393,542.6,0.2,1,2,11,0.1,51,64,29,16,47,7.7,36,N
7,7,4,0,3,4,5,0.1,2,2,5,1,16,1,0,36,1,44.9,14.1,8885.4,0.2,115,0.1,493.6,631.6,0.2,1,2,13,0.1,23,28,17,11,23,0,20,N
2,3,2,0,0,4,2,0.1,2,2,2,1,7,1,0,20,1,33,7.4,1824.4,0.1,51,0.1,101.4,245.2,0.5,1,2,7,0.1,24,29,17,11,23,0,20,N
2,3,2,0,0,4,2,0.1,2,2,2,1,7,1,0,20,1,32.8,7.8,1978.4,0.1,53,0.1,109.9,254.8,0.5,1,2,7,0.1,16,23,12,13,18,0,14,N
3,5,1,0,0,6,3,0.2,2,3,2,0.7,8,3,1,14,1,20.9,8.7,1569.6,0.1,39,0.1,87.2,181.1,1,2,3,7,0.2,149,239,80,46,160,5.4,123,N
30,36,21,1,6,32,27,0.2,16,2,27,1,78,8,0.3,122,1,63.2,42.8,115969,0.9,388,0,6442.7,2707.2,0.3,8,16,53,0.2,78,97,32,12,39,7.1,28,N
10,3,5,2,0,4,2,0.1,2,2,2,1,9,1,0,26,0,65.3,14.6,13972.7,0.3,175,0.1,776.3,955.4,0.5,1,2,9,0.1,45,67,30,16,57,33.3,36,N
14,17,7,8,6,24,9,0.3,10,2.4,5,0.6,33,5,0.5,28,0,51.6,12,7423.7,0.2,112,0.1,412.4,618.6,0.6,7,12,26,0.2,38,61,21,16,33,12.5,21,N
8,3,1,0,3,4,2,0.1,2,2,2,1,7,1,0,21,1,35.6,14.5,7465.9,0.2,99,0.1,414.8,515.7,0.5,1,2,7,0.1,84,98,36,19,83,39.4,44,N
11,11,1,1,27,20,6,0.1,10,2,3,0.5,22,1,0,43,1,47.5,22.2,23323.9,0.4,182,0.1,1295.8,1052.2,0.2,5,10,18,0.1,119,141,40,25,122,39.2,64,N
19,15,3,2,38,28,8,0.1,14,2,2,0.3,36,4,0.4,62,0,42.1,37.2,58228.8,0.5,260,0,3234.9,1565.8,0.5,7,14,30,0.1,64,90,34,22,79,21.2,54,N
12,12,3,2,12,16,7,0.1,8,2,6,0.9,26,1,0,52,1,43.2,20.7,18518,0.3,154,0.1,1028.8,894.3,0.1,4,8,21,0.1,43,59,27,17,51,29.6,32,N
6,7,4,1,12,12,4,0.1,6,2,4,1,17,1,0,31,1,41.1,13.5,7538.3,0.2,102,0.1,418.8,556.9,0.3,3,6,15,0.1,143,194,69,23,152,29.8,89,N
27,39,7,2,35,62,20,0.2,24,2.6,10,0.5,66,12,0.6,87,2,92.2,23.8,52396.2,0.7,337,0,2910.9,2198.4,0.6,19,33,48,0.1,130,154,53,23,114,36,67,N
13,21,2,3,33,36,11,0.2,16,2.3,4,0.4,39,5,0.4,64,1,62.9,28.2,50051.8,0.6,284,0,2780.7,1774.4,0.5,10,18,30,0.1,124,151,40,26,119,37.4,64,N
19,15,3,2,35,28,8,0.1,14,2,2,0.3,36,4,0.4,62,0,41.3,40.3,66987,0.6,275,0,3721.5,1662.2,0.5,7,14,30,0.1,64,82,41,18,81,42.2,42,N
16,9,5,5,22,16,5,0.1,8,2,5,1,22,1,0,37,1,61.1,14.1,12066,0.3,146,0.1,670.3,858.9,0.2,4,8,19,0.1,253,307,80,27,223,33.7,130,N
32,61,12,4,60,98,31,0.2,38,2.6,13,0.4,108,23,0.7,126,1,88.4,42.7,161178.4,1.3,560,0,8954.4,3775.2,0.7,30,50,79,0.1,12,15,5,10,14,0,10,N
3,3,0,0,0,4,2,0.2,2,2,1,0.5,6,1,0,10,2,8.8,12,1265.8,0,27,0.1,70.3,105.5,0.5,1,2,6,0.1,187,243,73,26,254,29.9,152,Y
39,41,4,2,62,80,21,0.1,40,2,5,0.2,98,4,0.2,150,3,85.6,33.3,94929.7,1,430,0,5273.9,2850.6,0.2,20,40,79,0.1,9,14,9,8,18,20,12,N
2,3,2,0,3,4,2,0.2,2,2,2,1,6,1,0,12,0,23.5,4,376.1,0,23,0.3,20.9,94,0.5,1,2,6,0.1,33,33,12,17,16,30.8,10,N
2,9,2,1,3,16,5,0.5,8,2,2,0.4,23,1,0,9,0,13.7,23.4,7494.7,0.1,66,0,416.4,320.6,0.2,4,8,20,0.3,24,24,11,11,9,0,8,N
0,5,1,0,0,8,3,0.4,4,2,3,1,15,1,0,8,0,17.8,12,2568.6,0.1,48,0.1,142.7,214.1,0.3,2,4,14,0.3,27,30,8,11,15,0,14,N
0,7,0,0,0,12,4,0.3,6,2,1,0.3,13,1,0,14,2,13,18.6,4494.6,0.1,57,0.1,249.7,242.1,0.3,3,6,11,0.3,31,35,12,16,13,0,12,N
0,7,2,0,0,12,4,0.3,6,2,2,0.5,15,1,0,12,0,15.4,20.7,6557.2,0.1,66,0.1,364.3,317.3,0.3,3,6,13,0.3,40,47,12,14,24,0,19,N
4,11,2,0,0,18,6,0.3,8,2.3,2,0.3,21,3,0.4,19,0,17.5,23.3,9541.9,0.1,87,0,530.1,408.9,0.5,5,9,17,0.3,33,36,8,13,13,8.3,11,N
0,13,1,0,1,28,7,0.6,12,2.3,3,0.4,25,1,0,11,1,11.3,26.8,8126.1,0.1,69,0,451.5,303.1,0.1,8,14,20,0.5,32,38,11,16,16,7.1,13,N
1,7,0,0,1,12,4,0.3,6,2,1,0.3,14,1,0,13,1,14.3,23.3,7746.1,0.1,70,0,430.3,332.8,0.3,3,6,12,0.3,40,42,22,16,16,0,14,N
1,13,2,0,0,22,7,0.5,10,2.2,2,0.3,24,1,0,14,0,29.6,14.6,6259.4,0.1,82,0.1,347.7,430.3,0.1,6,11,19,0.4,107,115,24,18,39,3.2,31,N
7,7,2,1,0,12,4,0.1,6,2,3,0.8,16,1,0,30,2,29.8,40.1,48033.4,0.4,222,0,2668.5,1197.1,0.3,3,6,14,0.1,132,146,22,15,43,2.9,35,N
7,11,0,1,0,20,6,0.2,10,2,1,0.2,23,1,0,34,5,32.2,45,65170.3,0.5,278,0,3620.6,1448.2,0.2,5,10,19,0.1,14,18,8,11,7,0,6,N
0,7,0,0,0,12,4,0.7,6,2,1,0.3,12,4,1,6,2,14.1,9.6,1308.4,0.1,32,0.1,72.7,135.9,1,3,6,10,0.6,10,10,6,8,7,0,6,N
0,3,2,0,0,4,2,0.3,2,2,2,1,8,1,0,6,2,11.4,6.7,507.7,0,20,0.2,28.2,76.2,0.5,1,2,8,0.3,31,35,12,16,13,0,12,N
0,7,2,0,0,12,4,0.3,6,2,2,0.5,15,1,0,12,0,15.4,20.7,6557.2,0.1,66,0.1,364.3,317.3,0.3,3,6,13,0.3,9,10,4,8,7,0,6,N
0,3,0,0,0,4,2,0.3,2,2,1,0.5,6,1,0,6,0,7.6,9,613,0,19,0.1,34.1,68.1,0.5,1,2,6,0.3,20,21,9,12,8,0,7,N
0,5,1,0,0,8,3,0.4,4,2,3,1,12,1,0,7,1,13.5,13.3,2401.1,0.1,41,0.1,133.4,180.1,0.3,2,4,11,0.4,15,18,9,10,8,14.3,6,N
0,3,0,0,1,4,2,0.3,2,2,1,0.5,6,1,0,6,5,16.8,8.3,1168.2,0.1,33,0.1,64.9,140.2,0.5,1,2,6,0.3,28,31,8,11,10,11.1,8,N
0,9,2,0,1,16,5,0.6,8,2,5,1,17,1,0,8,2,13,19.3,4824.6,0.1,59,0.1,268,250.6,0.2,4,8,14,0.5,23,24,10,10,9,0,8,N
0,5,3,0,0,8,3,0.4,4,2,3,1,15,1,0,8,0,17.7,11.5,2336,0.1,47,0.1,129.8,203.1,0.3,2,4,14,0.3,220,251,54,14,48,4.6,42,N
3,3,12,0,2,4,2,0.1,2,2,2,1,53,1,0,42,0,100.5,28.5,81768.2,1,471,0,4542.7,2867.2,0.5,1,2,53,0,4,9,2,6,7,0,6,N
0,3,0,0,0,4,2,0.3,2,2,1,0.5,6,1,0,6,2,6.5,6,234,0,13,0.2,13,39,0.5,1,2,6,0.3,23,24,10,10,8,0,7,N
0,5,3,0,0,8,3,0.4,4,2,3,1,15,1,0,7,0,17.7,11.5,2336,0.1,47,0.1,129.8,203.1,0.3,2,4,14,0.4,39,40,20,12,19,12.5,15,N
2,5,3,1,1,8,3,0.2,4,2,3,1,15,1,0,14,0,33.8,11.7,4621.5,0.1,79,0.1,256.8,395,0.3,2,4,14,0.2,14,16,11,9,10,11.1,9,N
0,5,3,1,0,8,3,0.3,4,2,3,1,12,1,0,8,0,22.6,5.7,742.6,0,30,0.2,41.3,129.7,0.3,2,4,11,0.3,27,33,7,14,14,7.7,13,N
0,5,2,1,0,8,3,0.2,4,2,3,1,13,1,0,12,1,9.8,27,7115.6,0.1,60,0,395.3,263.5,0.3,2,4,12,0.2,29,34,11,13,12,0,11,N
0,9,0,0,0,16,5,0.5,8,2,1,0.2,17,3,0.5,11,2,16.9,17.1,4949.9,0.1,63,0.1,275,288.9,0.6,4,8,14,0.4,30,33,10,10,17,0,14,N
2,3,1,0,0,4,2,0.1,2,2,2,1,9,1,0,14,6,18.2,15,4084.2,0.1,63,0.1,226.9,272.3,0.5,1,2,9,0.1,29,34,13,10,18,0,17,N
0,7,2,0,0,12,4,0.2,6,2,3,0.8,13,1,0,17,2,25.6,11.2,3178.7,0.1,63,0.1,176.6,285,0.3,3,6,11,0.2,523,495,34,16,70,0,69,N
0,97,4,0,0,192,49,0.7,96,2,4,0.1,241,1,0,69,0,46.7,123.1,707027.8,1.9,1018,0,39279.3,5745.5,0,48,96,194,0.7,6,7,4,7,5,0,4,N
0,3,1,0,0,4,2,0.5,2,2,2,1,7,1,0,4,0,8.6,5.3,236.1,0,13,0.2,13.1,45,0.5,1,2,7,0.4,13,17,9,9,7,0,6,N
0,5,3,0,0,6,3,0.5,2,3,2,0.7,9,3,1,6,0,19.3,6.5,813.1,0,30,0.2,45.2,125.1,1,2,3,8,0.4,53,58,10,15,20,5.6,17,N
1,13,1,0,1,24,7,0.4,12,2,3,0.4,25,1,0,17,3,13,39.8,20489.9,0.2,111,0,1138.3,515.5,0.1,6,12,20,0.4,20,20,10,9,7,0,6,N
0,5,0,0,0,8,3,0.5,4,2,1,0.3,9,1,0,6,2,18.9,9,1529.3,0.1,40,0.1,85,169.9,0.3,2,4,8,0.4,21,23,10,12,8,0,7,N
0,5,1,0,0,8,3,0.4,4,2,3,1,12,1,0,7,1,15.6,12.6,2472.3,0.1,44,0.1,137.4,196.2,0.3,2,4,11,0.4,15,18,9,10,9,12.5,7,N
0,3,0,0,1,4,2,0.3,2,2,1,0.5,6,1,0,7,5,16.8,8.3,1168.2,0.1,33,0.1,64.9,140.2,0.5,1,2,6,0.2,31,35,12,16,13,0,12,N
0,7,2,0,0,12,4,0.3,6,2,2,0.5,15,1,0,12,0,15.4,20.7,6557.2,0.1,66,0.1,364.3,317.3,0.3,3,6,13,0.3,22,24,8,8,13,0,12,N
0,3,2,0,0,4,2,0.2,2,2,2,1,9,1,0,12,3,16.7,11,2024,0.1,46,0.1,112.4,184,0.5,1,2,9,0.2,29,29,17,13,13,8.3,12,N
0,5,4,1,0,8,3,0.3,4,2,2,0.7,14,1,0,11,0,25.7,11.1,3155.7,0.1,58,0.1,175.3,284.6,0.3,2,4,13,0.2,26,31,16,14,9,0,8,N
0,5,5,0,0,8,3,0.4,4,2,3,1,14,1,0,8,0,24.6,11.4,3181.5,0.1,57,0.1,176.8,279.7,0.3,2,4,13,0.3,28,35,13,17,15,0,14,N
0,11,4,0,0,18,6,0.4,8,2.3,4,0.7,20,6,1,14,1,16.9,18.3,5659.5,0.1,63,0.1,314.4,309.1,1,5,9,16,0.4,61,75,12,17,25,0,24,N
0,15,1,0,0,22,8,0.3,8,2.8,2,0.3,24,3,0.3,24,6,15.3,43.2,28547.1,0.2,136,0,1586,660.7,0.4,7,11,18,0.3,61,70,21,19,22,0,18,N
3,15,4,0,0,26,8,0.4,12,2.2,5,0.6,31,3,0.3,18,0,25.3,27.6,19238.6,0.2,131,0,1068.8,697.2,0.4,7,13,25,0.4,55,64,16,18,25,0,23,N
1,16,3,0,0,20,10,0.4,10,2,9,0.9,42,1,0,23,0,19.6,30.9,18729.8,0.2,119,0,1040.6,605.4,0.1,5,10,34,0.4,28,42,10,15,13,0,11,N
1,15,1,0,0,24,8,0.7,10,2.4,2,0.3,26,7,0.9,11,0,15.5,21,6826.5,0.1,70,0.1,379.3,325.1,0.9,7,12,20,0.6,34,49,10,15,25,0,22,N
2,15,0,0,0,28,8,0.4,14,2,1,0.1,29,8,1,22,0,15.1,25.5,9828.7,0.1,83,0,546,385.4,1,7,14,23,0.3,13,31,4,13,10,0,8,N
1,13,0,0,0,20,7,0.9,8,2.5,1,0.1,21,6,0.8,8,0,8.5,21.1,3799.3,0.1,44,0.1,211.1,179.9,0.9,6,10,16,0.7,14,28,4,11,12,0,10,N
1,9,0,0,0,14,5,0.5,6,2.3,1,0.2,17,3,0.5,10,0,8.5,19.3,3158.7,0.1,42,0.1,175.5,164.1,0.6,4,7,14,0.4,13,19,6,10,11,0,9,N
1,3,1,0,0,4,2,0.2,2,2,2,1,6,1,0,9,0,11.8,10.8,1386.7,0,32,0.1,77,128,0.5,1,2,6,0.2,8,18,3,10,9,0,6,N
2,7,0,0,0,12,4,0.7,6,2,1,0.3,13,4,1,6,0,7.2,13.3,1282.8,0,26,0.1,71.3,96.2,1,3,6,11,0.4,17,24,5,11,13,0,11,N
1,9,0,0,0,16,5,0.5,8,2,1,0.2,18,5,1,11,0,8.8,18.7,3066.8,0.1,41,0.1,170.4,164,1,4,8,15,0.4,10,19,3,11,9,0,7,N
1,5,0,0,0,8,3,0.4,4,2,1,0.3,10,1,0,7,0,6,18.3,2024.2,0,29,0.1,112.5,110.4,0.3,2,4,9,0.3,8,19,4,10,8,0,6,N
1,7,1,0,0,12,4,0.7,6,2,2,0.5,14,4,1,6,0,10.3,10,1028,0,27,0.1,57.1,102.8,1,3,6,12,0.5,11,28,4,12,10,0,7,N
2,11,0,0,0,18,6,0.9,8,2.3,1,0.2,18,5,0.8,7,0,9.5,16.5,2574,0.1,39,0.1,143,156,0.8,5,9,14,0.6,15,26,4,13,12,0,10,N
1,7,0,0,0,12,4,0.4,6,2,1,0.3,15,1,0,10,0,6.9,24.4,4084.9,0.1,41,0,226.9,167.6,0.3,3,6,13,0.3,14,31,5,13,11,0,9,N
1,11,1,0,0,18,6,0.7,8,2.3,2,0.3,21,5,0.8,9,0,10.3,18.2,3415.2,0.1,45,0.1,189.7,187.7,0.8,5,9,17,0.6,9,12,6,10,7,0,5,N
1,3,2,0,0,4,2,0.4,2,2,2,1,8,1,0,5,0,11.2,7.5,630,0,21,0.1,35,84,0.5,1,2,8,0.3,8,15,3,10,9,0,7,N
1,5,0,0,0,8,3,0.4,4,2,1,0.3,10,1,0,7,0,6.4,13.3,1134.8,0,23,0.1,63,85.1,0.3,2,4,9,0.3,25,32,7,13,12,0,9,N
2,11,1,0,0,18,6,0.7,8,2.3,3,0.5,23,3,0.4,9,0,10.6,23.2,5718.8,0.1,57,0,317.7,246.4,0.5,5,9,19,0.5,16,31,5,14,13,0,11,N
1,11,0,0,0,16,6,0.6,6,2.7,1,0.2,19,5,0.8,11,0,8.9,22.4,4472.2,0.1,47,0,248.5,199.7,0.8,5,8,15,0.5,18,42,6,16,14,0,11,N
2,15,0,0,0,24,8,0.7,10,2.4,1,0.1,25,7,0.9,11,0,11.2,24,6421.6,0.1,60,0,356.8,267.6,0.9,7,12,19,0.6,15,28,5,14,12,0,10,N
1,9,0,0,0,12,5,0.5,4,3,1,0.2,14,5,1,10,0,8.7,21,3835.9,0.1,43,0.1,213.1,182.7,1,4,6,11,0.4,17,34,4,14,14,0,11,N
2,13,1,0,0,22,7,0.6,10,2.2,5,0.7,25,6,0.8,11,0,7.2,29.8,6326.8,0.1,51,0,351.5,212.7,0.9,6,11,20,0.5,88,150,21,22,31,0,27,N
3,37,3,0,0,56,19,0.7,20,2.8,3,0.2,62,17,0.9,27,0,28,46.1,59529.7,0.4,238,0,3307.2,1291.5,0.9,18,28,45,0.6,8,16,5,11,9,0,7,N
1,5,1,0,0,8,3,0.4,4,2,2,0.7,10,3,1,7,0,10.9,8.8,844.8,0,24,0.1,46.9,96,1,2,4,9,0.3,23,50,6,17,19,0,16,N
2,17,1,0,0,30,9,0.6,14,2.1,2,0.2,31,9,1,16,0,10.1,32.6,10759.7,0.1,73,0,597.8,330.2,1,8,15,24,0.5,14,22,5,14,10,0,7,N
2,7,1,0,0,12,4,0.6,6,2,2,0.5,14,4,1,7,0,7.8,19.6,2997.3,0.1,36,0.1,166.5,152.9,1,3,6,12,0.4,23,34,10,19,14,0,12,N
1,11,2,0,0,18,6,0.5,8,2.3,2,0.3,21,6,1,12,0,12.7,21.9,6050.4,0.1,57,0.1,336.1,276.9,1,5,9,17,0.4,25,36,10,20,14,0,12,N
1,11,2,0,0,18,6,0.5,8,2.3,2,0.3,22,6,1,12,0,12,25,7483,0.1,61,0,415.7,299.3,1,5,9,18,0.4,21,28,7,14,13,0,10,N
2,5,1,0,0,8,3,0.3,4,2,1,0.3,11,1,0,10,0,10.3,21,4519.7,0.1,49,0.1,251.1,215.2,0.3,2,4,10,0.2,13,19,6,13,10,0,8,N
1,5,2,0,0,8,3,0.4,4,2,2,0.7,11,3,1,8,0,9.7,14.1,1914.4,0.1,32,0.1,106.4,135.9,1,2,4,10,0.3,7,15,4,10,9,0,7,N
1,5,1,0,0,8,3,0.4,4,2,2,0.7,10,3,1,7,0,9.6,8.8,732.9,0,22,0.1,40.7,83.8,1,2,4,9,0.3,32,40,8,14,20,0,18,N
1,9,1,0,0,16,5,0.3,8,2,1,0.2,22,1,0,18,0,11.5,28,8990.2,0.1,72,0,499.5,321.1,0.2,4,8,19,0.3,17,25,5,12,13,0,11,N
1,9,0,0,0,16,5,0.5,8,2,1,0.2,18,5,1,11,0,8.4,20.4,3502.1,0.1,42,0.1,194.6,171.7,1,4,8,15,0.4,21,48,5,15,19,0,16,N
2,17,0,0,0,30,9,0.6,14,2.1,1,0.1,31,9,1,16,0,9.5,31.5,9393.7,0.1,69,0,521.9,298.2,1,8,15,24,0.5,20,30,8,12,15,0,12,N
2,7,2,0,0,12,4,0.3,6,2,1,0.3,15,1,0,12,0,14.4,15,3241.5,0.1,50,0.1,180.1,216.1,0.3,3,6,13,0.3,6,13,2,10,6,0,5,N
0,5,1,0,0,8,3,0.6,4,2,2,0.7,11,1,0,5,0,4.5,15,1021.7,0,19,0.1,56.8,68.1,0.3,2,4,10,0.5,6,13,2,10,6,0,5,N
0,5,1,0,0,8,3,0.6,4,2,2,0.7,11,1,0,5,0,4.5,15,1021.7,0,19,0.1,56.8,68.1,0.3,2,4,10,0.5,16,21,7,13,10,0,8,N
1,5,1,0,0,8,3,0.4,4,2,2,0.7,10,3,1,8,0,10.8,14.9,2375.8,0.1,37,0.1,132,159.9,1,2,4,9,0.3,57,70,25,18,22,0,20,N
1,13,4,0,0,24,7,0.4,12,2,3,0.4,32,4,0.5,20,0,33.6,20.5,14141.1,0.2,127,0.1,785.6,689.1,0.6,6,12,27,0.3,426,494,144,27,148,2.9,140,N
7,85,7,4,0,168,43,0.3,84,2,27,0.6,232,18,0.4,136,0,170.9,39.9,272550.5,2.3,920,0,15141.7,6824.4,0.4,42,84,191,0.3,30,41,9,13,19,0,17,N
1,11,2,0,0,20,6,0.4,10,2,3,0.5,22,1,0,17,0,14.6,21.7,6860.1,0.1,71,0.1,381.1,316.6,0.2,5,10,18,0.3,52,61,20,14,28,0,24,N
3,9,3,0,0,16,5,0.2,8,2,4,0.8,21,1,0,24,0,31.6,18.2,10462.9,0.2,113,0.1,581.3,574.9,0.2,4,8,18,0.2,24,26,11,10,14,7.1,13,N
2,5,2,0,1,8,3,0.2,4,2,3,1,12,1,0,13,0,20.1,10.9,2395.8,0.1,50,0.1,133.1,219.6,0.3,2,4,11,0.2,91,102,32,19,46,12.2,36,N
4,29,4,0,5,56,15,0.4,28,2,8,0.5,61,1,0,36,0,40.5,27,29576.1,0.4,193,0,1643.1,1094.8,0.1,14,28,48,0.3,12,19,10,10,10,0,8,N
1,5,3,0,0,8,3,0.4,4,2,3,1,11,1,0,8,0,22.3,6,803.9,0,31,0.2,44.7,134,0.3,2,4,10,0.3,100,125,39,21,50,2.2,45,N
3,23,8,0,1,42,12,0.3,20,2.1,6,0.5,57,6,0.5,45,0,49.4,26.9,35782.1,0.4,225,0,1987.9,1329.1,0.5,11,21,47,0.2,26,34,16,13,16,7.7,13,N
2,7,3,1,0,12,4,0.3,6,2,4,1,16,1,0,12,0,27.6,10.6,3078.8,0.1,60,0.1,171,291.5,0.3,3,6,14,0.3,18,25,7,14,14,0,12,N
1,5,0,0,0,8,3,0.3,4,2,1,0.3,9,3,1,12,0,10.5,18,3399.7,0.1,43,0.1,188.9,188.9,1,2,4,8,0.2,13,19,6,12,12,0,10,N
1,5,0,0,0,8,3,0.3,4,2,1,0.3,9,3,1,10,0,10.3,13,1734.7,0,32,0.1,96.4,133.4,1,2,4,8,0.3,38,46,21,12,13,0,12,N
0,13,3,0,0,24,7,0.6,12,2,4,0.6,29,1,0,12,0,39,10.9,4600.5,0.1,84,0.1,255.6,423.7,0.1,6,12,24,0.5,51,65,18,17,27,4.2,24,N
2,9,5,1,0,16,5,0.2,8,2,5,1,25,5,1,23,0,24.7,24.1,14329.5,0.2,116,0,796.1,595,1,4,8,22,0.2,72,86,18,16,37,17.7,30,N
2,21,1,2,4,40,11,0.4,20,2,3,0.3,47,6,0.5,28,0,25.1,32,25722.2,0.3,158,0,1429,803.8,0.6,10,20,38,0.3,28,38,12,14,20,5.6,18,N
1,7,1,1,0,12,4,0.2,6,2,2,0.5,15,3,0.7,17,0,19,16.3,5067.1,0.1,66,0.1,281.5,310.2,0.8,3,6,13,0.2,28,33,18,10,32,36.4,14,N
9,3,2,0,8,4,2,0.1,2,2,2,1,8,1,0,14,0,37.7,7.8,2280.8,0.1,61,0.1,126.7,293.3,0.5,1,2,8,0.1,34,52,26,21,36,0,28,Y
7,8,5,0,0,4,6,0.2,2,2,5,0.8,19,1,0,28,1,34.8,13.7,6559.1,0.2,86,0.1,364.4,477.7,0.2,1,2,15,0.2,6,10,6,6,10,0,7,N
2,3,3,0,0,4,2,0.3,2,2,2,1,7,1,0,7,0,19.1,3,172.1,0,16,0.3,9.6,57.4,0.5,1,2,7,0.2,53,71,31,16,42,3.3,30,N
11,13,7,1,0,20,7,0.2,8,2.5,5,0.7,27,5,0.7,29,0,50.4,13.7,9420.6,0.2,124,0.1,523.4,688.8,0.7,6,10,22,0.2,32,37,12,12,25,10.5,19,N
5,5,0,2,0,8,3,0.2,4,2,1,0.3,10,1,0,17,2,19.8,16,5061.8,0.1,69,0.1,281.2,316.4,0.3,2,4,9,0.1,32,37,12,12,25,10.5,19,N
5,5,0,2,0,8,3,0.2,4,2,1,0.3,10,1,0,17,2,19.8,16,5061.8,0.1,69,0.1,281.2,316.4,0.3,2,4,9,0.1,20,30,10,18,12,0,10,N
1,5,1,0,0,8,3,0.3,4,2,2,0.7,11,3,1,10,0,13.4,18,4326.6,0.1,50,0.1,240.4,240.4,1,2,4,10,0.3,8,12,6,11,13,0,5,N
7,3,0,0,0,4,2,0.4,2,2,1,0.5,5,1,0,5,0,11.2,7.3,599.5,0,20,0.1,33.3,81.8,0.5,1,2,5,0.2,290,397,65,50,106,4.8,103,N
1,41,8,4,1,48,28,0.3,24,2,13,0.5,96,14,0.5,99,0,42.2,111.5,524548.8,1.6,687,0,29141.6,4702.9,0.5,12,24,70,0.3,88,113,45,27,45,15.4,39,N
5,31,4,6,0,52,16,0.4,22,2.4,4,0.3,58,6,0.3,33,0,47,26.4,32740.1,0.4,201,0,1818.9,1240.2,0.4,15,26,44,0.4,102,126,45,25,44,0,38,N
5,31,7,0,0,54,16,0.4,24,2.3,9,0.6,59,7,0.4,38,0,49.3,28.3,39595.2,0.5,228,0,2199.7,1397.5,0.4,15,27,45,0.4,50,61,24,22,20,0,18,N
1,15,2,0,0,24,8,0.4,10,2.4,5,0.6,29,5,0.6,18,0,26.8,22.9,14050.6,0.2,111,0,780.6,613.1,0.6,7,12,23,0.4,13,16,9,9,11,0,10,N
0,3,1,0,0,4,2,0.2,2,2,2,1,7,1,0,10,0,18.6,6.5,786,0,29,0.2,43.7,120.9,0.5,1,2,7,0.2,145,160,51,21,50,16.7,35,N
7,11,4,0,7,18,6,0.2,8,2.3,5,0.8,29,4,0.6,35,0,63,29.9,56178.1,0.6,305,0,3121,1881.8,0.7,5,9,25,0.1,109,119,35,23,28,0,26,N
1,35,6,0,0,52,18,0.7,18,2.9,6,0.3,58,13,0.7,26,0,37.3,35.8,47834.3,0.5,228,0,2657.5,1335.6,0.7,17,26,42,0.6,20,29,13,16,11,0,9,N
1,3,1,0,0,4,2,0.2,2,2,2,1,6,1,0,9,0,19.3,12.3,2929.7,0.1,49,0.1,162.8,238,0.5,1,2,6,0.2,6,17,4,9,5,0,4,N
0,5,2,0,0,8,3,0.8,4,2,3,1,10,3,1,4,0,12.6,6.8,574.5,0,23,0.2,31.9,85.1,1,2,4,9,0.6,8,20,5,10,7,0,6,N
0,5,2,0,0,8,3,0.5,4,2,3,1,10,3,1,6,0,13.7,8,875.1,0,28,0.1,48.6,109.4,1,2,4,9,0.4,12,24,6,10,10,0,8,N
1,7,2,0,0,12,4,0.5,6,2,3,0.8,14,3,0.7,8,0,14.4,10,1440,0.1,36,0.1,80,144,0.8,3,6,12,0.4,6,12,4,8,7,0,5,N
1,3,1,0,0,4,2,0.4,2,2,1,0.5,6,1,0,5,0,10.8,6,387.2,0,18,0.2,21.5,64.5,0.5,1,2,6,0.3,6,12,4,7,7,0,5,N
1,3,1,0,0,4,2,0.4,2,2,1,0.5,6,1,0,5,0,11.9,5.3,326.9,0,18,0.2,18.2,62.3,0.5,1,2,6,0.3,17,33,12,13,20,0,14,N
5,3,2,0,0,4,2,0.1,2,2,2,1,9,1,0,14,0,25.2,9.2,2138.1,0.1,50,0.1,118.8,232.2,0.5,1,2,9,0.1,4,8,4,6,1,0,0,N
0,3,0,0,0,4,2,1,2,2,1,0.5,6,1,0,0,0,13.3,3,119.6,0,12,0.3,6.6,39.9,0.5,1,2,6,2,4,8,3,6,1,0,0,N
0,3,0,0,0,4,2,1,2,2,1,0.5,6,1,0,0,0,9.5,4,152.2,0,12,0.3,8.5,38,0.5,1,2,6,2,4,8,3,6,1,0,0,N
0,3,0,0,0,4,2,1,2,2,1,0.5,6,1,0,0,0,9.5,4,152.2,0,12,0.3,8.5,38,0.5,1,2,6,2,4,8,3,6,1,0,0,N
0,3,0,0,0,4,2,1,2,2,1,0.5,6,1,0,0,0,9.5,4,152.2,0,12,0.3,8.5,38,0.5,1,2,6,2,4,8,3,6,1,0,0,N
0,3,0,0,0,4,2,1,2,2,1,0.5,6,1,0,0,0,9.5,4,152.2,0,12,0.3,8.5,38,0.5,1,2,6,2,4,8,4,6,1,0,0,N
0,3,0,0,0,4,2,1,2,2,1,0.5,6,1,0,0,0,13.3,3,119.6,0,12,0.3,6.6,39.9,0.5,1,2,6,2,51,103,17,17,17,0,15,N
1,5,1,0,0,6,3,0.2,2,3,1,0.3,9,3,1,15,0,30.7,25.5,19978.5,0.3,154,0,1109.9,783.5,1,2,3,8,0.2,17,32,9,13,11,0,9,N
1,7,0,0,0,8,4,0.4,2,4,1,0.3,10,4,1,9,0,17.8,12.3,2682.8,0.1,49,0.1,149.1,218.5,1,3,4,8,0.4,6,13,5,7,6,0,5,N
0,3,0,0,0,4,2,0.4,2,2,1,0.5,5,1,0,5,0,16.2,4.2,286.1,0,19,0.2,15.9,68.1,0.5,1,2,5,0.3,14,21,6,8,14,0,13,N
0,5,4,0,0,8,3,0.2,4,2,3,1,14,1,0,13,0,14.3,9.3,1243.7,0,35,0.1,69.1,133.3,0.3,2,4,13,0.2,59,126,26,19,28,0,26,N
1,7,0,0,0,12,4,0.2,6,2,1,0.3,14,1,0,26,0,47.1,21.6,21902.5,0.3,185,0.1,1216.8,1016,0.3,3,6,12,0.1,34,43,11,15,20,0,18,N
1,9,1,0,0,16,5,0.3,8,2,2,0.4,22,1,0,18,0,15.6,23.2,8390.3,0.1,77,0,466.1,361.9,0.2,4,8,19,0.3,44,52,13,15,25,0,23,N
1,11,1,0,0,18,6,0.3,8,2.3,2,0.3,25,5,0.8,23,0,18.2,25.4,11715.2,0.2,96,0,650.8,461.5,0.8,5,9,21,0.2,194,294,41,35,80,14.7,74,N
4,24,3,10,1,28,16,0.2,14,2,5,0.3,49,1,0,64,0,36.8,82.8,252471.1,1,488,0,14026.2,3049,0.1,7,14,35,0.2,11,23,5,12,11,0,9,N
1,3,0,0,0,4,2,0.2,2,2,1,0.5,5,1,0,9,0,10.5,13.2,1834.5,0.1,34,0.1,101.9,139,0.5,1,2,5,0.2,33,39,21,11,24,4.6,22,N
1,5,5,1,0,8,3,0.1,4,2,3,1,15,1,0,21,0,41.7,8.6,3111.4,0.1,72,0.1,172.9,360,0.3,2,4,14,0.1,29,29,11,12,24,31.6,13,N
4,5,0,0,6,8,3,0.2,4,2,1,0.3,19,1,0,13,0,16.6,15.8,4150.2,0.1,58,0.1,230.6,262.4,0.3,2,4,18,0.1,38,47,13,14,15,0,13,N
1,19,3,0,0,30,10,0.8,12,2.5,5,0.5,35,6,0.6,13,0,19.8,20.5,8269.9,0.1,85,0.1,459.4,404.2,0.6,9,15,27,0.7,204,322,68,33,80,0,65,N
5,69,8,0,0,130,35,0.5,62,2.1,11,0.3,141,19,0.5,65,0,70.8,49.5,173359.9,1.2,526,0,9631.1,3502.2,0.5,34,65,108,0.4,495,575,82,29,239,39.3,144,N
62,71,14,42,24,140,36,0.3,70,2,17,0.5,183,1,0,102,0,83.1,87.5,636348.8,2.4,1070,0,35352.7,7270,0,35,70,149,0.2,52,63,10,14,15,46.2,10,N
1,3,0,3,3,4,2,0.2,2,2,1,0.5,6,1,0,7,1,14.5,36.4,19192.7,0.2,115,0,1066.3,527.3,0.5,1,2,6,0.1,489,567,79,29,230,40,141,N
56,71,13,42,24,140,36,0.3,70,2,17,0.5,181,1,0,99,0,79.5,89.8,640223.8,2.4,1056,0,35568,7133.2,0,35,70,147,0.2,51,57,16,12,42,25.7,28,N
6,7,2,2,7,12,4,0.1,6,2,2,0.5,17,1,0,26,0,27.2,19.1,9929.6,0.2,108,0.1,551.6,519.2,0.3,3,6,15,0.1,99,122,45,26,52,8.5,45,N
4,20,8,2,2,24,12,0.3,12,2,5,0.4,48,1,0,43,0,47.5,28.6,38870.1,0.5,221,0,2159.5,1359.1,0.1,6,12,38,0.2,52,59,20,15,32,11.1,24,N
4,11,4,0,3,18,6,0.3,8,2.3,4,0.7,22,4,0.6,24,2,29.2,19.5,11102.3,0.2,111,0.1,616.8,569.4,0.7,5,9,18,0.2,9,15,8,10,11,12.5,7,N
2,3,1,0,1,4,2,0.3,2,2,2,1,5,1,0,7,0,17.8,5.6,562.9,0,24,0.2,31.3,100.1,0.5,1,2,5,0.2,,,,,,,,
